id,description,dataset,category,subcategory,region,delay,universe,type,coverage,userCount,alphaCount,pyramidMultiplier,themes
anl4_adjusted_netincome_ft,Adjusted net income - forecast type (revision/new/...),"{'id': 'analyst4', 'name': 'Analyst Estimate Data for Equity'}","{'id': 'analyst', 'name': 'Analyst'}","{'id': 'analyst-analyst-estimates', 'name': 'Analyst Estimates'}",USA,1,TOP3000,MATRIX,0.8706,11318,24461,1.2,[]
anl4_ads1detailafv110_bk,Broker name (int),"{'id': 'analyst4', 'name': 'Analyst Estimate Data for Equity'}","{'id': 'analyst', 'name': 'Analyst'}","{'id': 'analyst-analyst-estimates', 'name': 'Analyst Estimates'}",USA,1,TOP3000,VECTOR,0.688,66,137,1.2,[]
anl4_ads1detailafv110_estvalue,Estimation value,"{'id': 'analyst4', 'name': 'Analyst Estimate Data for Equity'}","{'id': 'analyst', 'name': 'Analyst'}","{'id': 'analyst-analyst-estimates', 'name': 'Analyst Estimates'}",USA,1,TOP3000,VECTOR,0.6878,62,116,1.2,[]
anl4_ads1detailafv110_person,Broker Id,"{'id': 'analyst4', 'name': 'Analyst Estimate Data for Equity'}","{'id': 'analyst', 'name': 'Analyst'}","{'id': 'analyst-analyst-estimates', 'name': 'Analyst Estimates'}",USA,1,TOP3000,VECTOR,0.688,228,568,1.2,[]
anl4_ads1detailafv110_prevval,The Previous Estimation of Financial Item,"{'id': 'analyst4', 'name': 'Analyst Estimate Data for Equity'}","{'id': 'analyst', 'name': 'Analyst'}","{'id': 'analyst-analyst-estimates', 'name': 'Analyst Estimates'}",USA,1,TOP3000,VECTOR,0.6856,40,80,1.2,[]
anl4_ads1detailqfv110_bk,Broker name (int),"{'id': 'analyst4', 'name': 'Analyst Estimate Data for Equity'}","{'id': 'analyst', 'name': 'Analyst'}","{'id': 'analyst-analyst-estimates', 'name': 'Analyst Estimates'}",USA,1,TOP3000,VECTOR,0.6295,167,259,1.2,[]
anl4_ads1detailqfv110_estvalue,Estimation value,"{'id': 'analyst4', 'name': 'Analyst Estimate Data for Equity'}","{'id': 'analyst', 'name': 'Analyst'}","{'id': 'analyst-analyst-estimates', 'name': 'Analyst Estimates'}",USA,1,TOP3000,VECTOR,0.6292,28,100,1.2,[]
anl4_ads1detailqfv110_person,Broker Id,"{'id': 'analyst4', 'name': 'Analyst Estimate Data for Equity'}","{'id': 'analyst', 'name': 'Analyst'}","{'id': 'analyst-analyst-estimates', 'name': 'Analyst Estimates'}",USA,1,TOP3000,VECTOR,0.6295,196,203,1.2,[]
anl4_ads1detailqfv110_prevval,The previous estimation of financial item,"{'id': 'analyst4', 'name': 'Analyst Estimate Data for Equity'}","{'id': 'analyst', 'name': 'Analyst'}","{'id': 'analyst-analyst-estimates', 'name': 'Analyst Estimates'}",USA,1,TOP3000,VECTOR,0.6268,108,244,1.2,[]
anl4_adxqfv110_down,Number of lower estimations,"{'id': 'analyst4', 'name': 'Analyst Estimate Data for Equity'}","{'id': 'analyst', 'name': 'Analyst'}","{'id': 'analyst-analyst-estimates', 'name': 'Analyst Estimates'}",USA,1,TOP3000,VECTOR,0.6979,658,716,1.2,[]
anl4_adxqfv110_high,The highest estimation,"{'id': 'analyst4', 'name': 'Analyst Estimate Data for Equity'}","{'id': 'analyst', 'name': 'Analyst'}","{'id': 'analyst-analyst-estimates', 'name': 'Analyst Estimates'}",USA,1,TOP3000,VECTOR,0.6979,24,31,1.2,[]
anl4_adxqfv110_low,The lowest estimation,"{'id': 'analyst4', 'name': 'Analyst Estimate Data for Equity'}","{'id': 'analyst', 'name': 'Analyst'}","{'id': 'analyst-analyst-estimates', 'name': 'Analyst Estimates'}",USA,1,TOP3000,VECTOR,0.6979,413,438,1.2,[]
anl4_adxqfv110_mean,Mean of estimations,"{'id': 'analyst4', 'name': 'Analyst Estimate Data for Equity'}","{'id': 'analyst', 'name': 'Analyst'}","{'id': 'analyst-analyst-estimates', 'name': 'Analyst Estimates'}",USA,1,TOP3000,VECTOR,0.6979,29,40,1.2,[]
anl4_adxqfv110_median,Median of estimations,"{'id': 'analyst4', 'name': 'Analyst Estimate Data for Equity'}","{'id': 'analyst', 'name': 'Analyst'}","{'id': 'analyst-analyst-estimates', 'name': 'Analyst Estimates'}",USA,1,TOP3000,VECTOR,0.6979,32,40,1.2,[]
anl4_adxqfv110_numest,The number of forecasts counted in aggregation,"{'id': 'analyst4', 'name': 'Analyst Estimate Data for Equity'}","{'id': 'analyst', 'name': 'Analyst'}","{'id': 'analyst-analyst-estimates', 'name': 'Analyst Estimates'}",USA,1,TOP3000,VECTOR,0.6979,808,1044,1.2,[]
anl4_adxqfv110_pu,The number of upper estimations,"{'id': 'analyst4', 'name': 'Analyst Estimate Data for Equity'}","{'id': 'analyst', 'name': 'Analyst'}","{'id': 'analyst-analyst-estimates', 'name': 'Analyst Estimates'}",USA,1,TOP3000,VECTOR,0.6979,1912,3627,1.2,[]
anl4_ady_down,Number of lower estimations,"{'id': 'analyst4', 'name': 'Analyst Estimate Data for Equity'}","{'id': 'analyst', 'name': 'Analyst'}","{'id': 'analyst-analyst-estimates', 'name': 'Analyst Estimates'}",USA,1,TOP3000,VECTOR,0.7196,57,73,1.2,[]
anl4_ady_high,The highest estimation,"{'id': 'analyst4', 'name': 'Analyst Estimate Data for Equity'}","{'id': 'analyst', 'name': 'Analyst'}","{'id': 'analyst-analyst-estimates', 'name': 'Analyst Estimates'}",USA,1,TOP3000,VECTOR,0.7196,37,57,1.2,[]
anl4_ady_low,The lowest estimation,"{'id': 'analyst4', 'name': 'Analyst Estimate Data for Equity'}","{'id': 'analyst', 'name': 'Analyst'}","{'id': 'analyst-analyst-estimates', 'name': 'Analyst Estimates'}",USA,1,TOP3000,VECTOR,0.7196,32,63,1.2,[]
anl4_ady_mean,Mean of estimations,"{'id': 'analyst4', 'name': 'Analyst Estimate Data for Equity'}","{'id': 'analyst', 'name': 'Analyst'}","{'id': 'analyst-analyst-estimates', 'name': 'Analyst Estimates'}",USA,1,TOP3000,VECTOR,0.7196,21,28,1.2,[]
anl4_ady_median,Median of estimations,"{'id': 'analyst4', 'name': 'Analyst Estimate Data for Equity'}","{'id': 'analyst', 'name': 'Analyst'}","{'id': 'analyst-analyst-estimates', 'name': 'Analyst Estimates'}",USA,1,TOP3000,VECTOR,0.7196,17,25,1.2,[]
anl4_ady_numest,The number of forecasts counted in aggregation,"{'id': 'analyst4', 'name': 'Analyst Estimate Data for Equity'}","{'id': 'analyst', 'name': 'Analyst'}","{'id': 'analyst-analyst-estimates', 'name': 'Analyst Estimates'}",USA,1,TOP3000,VECTOR,0.7196,580,716,1.2,[]
anl4_ady_pu,The number of upper estimations,"{'id': 'analyst4', 'name': 'Analyst Estimate Data for Equity'}","{'id': 'analyst', 'name': 'Analyst'}","{'id': 'analyst-analyst-estimates', 'name': 'Analyst Estimates'}",USA,1,TOP3000,VECTOR,0.7196,1754,4441,1.2,[]
anl4_bac1actualqfv110_actual,Announced financial data,"{'id': 'analyst4', 'name': 'Analyst Estimate Data for Equity'}","{'id': 'analyst', 'name': 'Analyst'}","{'id': 'analyst-analyst-estimates', 'name': 'Analyst Estimates'}",USA,1,TOP3000,VECTOR,0.647,39,41,1.2,[]
anl4_bac1actualqfv110_item,Financial item,"{'id': 'analyst4', 'name': 'Analyst Estimate Data for Equity'}","{'id': 'analyst', 'name': 'Analyst'}","{'id': 'analyst-analyst-estimates', 'name': 'Analyst Estimates'}",USA,1,TOP3000,VECTOR,0.6641,85,113,1.2,[]
anl4_bac1conafv110_item,Financial item,"{'id': 'analyst4', 'name': 'Analyst Estimate Data for Equity'}","{'id': 'analyst', 'name': 'Analyst'}","{'id': 'analyst-analyst-estimates', 'name': 'Analyst Estimates'}",USA,1,TOP3000,VECTOR,0.7343,118,124,1.2,[]
anl4_bac1conltv110_item,Financial item,"{'id': 'analyst4', 'name': 'Analyst Estimate Data for Equity'}","{'id': 'analyst', 'name': 'Analyst'}","{'id': 'analyst-analyst-estimates', 'name': 'Analyst Estimates'}",USA,1,TOP3000,VECTOR,0.7004,13,17,1.2,[]
anl4_bac1conqfv110_item,Financial item,"{'id': 'analyst4', 'name': 'Analyst Estimate Data for Equity'}","{'id': 'analyst', 'name': 'Analyst'}","{'id': 'analyst-analyst-estimates', 'name': 'Analyst Estimates'}",USA,1,TOP3000,VECTOR,0.7262,29,45,1.2,[]
anl4_bac1conrecv110_item,Financial item,"{'id': 'analyst4', 'name': 'Analyst Estimate Data for Equity'}","{'id': 'analyst', 'name': 'Analyst'}","{'id': 'analyst-analyst-estimates', 'name': 'Analyst Estimates'}",USA,1,TOP3000,VECTOR,0.6243,49,83,1.2,[]
anl4_bac1detailafv110_item,Financial item,"{'id': 'analyst4', 'name': 'Analyst Estimate Data for Equity'}","{'id': 'analyst', 'name': 'Analyst'}","{'id': 'analyst-analyst-estimates', 'name': 'Analyst Estimates'}",USA,1,TOP3000,VECTOR,0.7154,452,510,1.2,[]
anl4_bac1detaillt_item,Financial item,"{'id': 'analyst4', 'name': 'Analyst Estimate Data for Equity'}","{'id': 'analyst', 'name': 'Analyst'}","{'id': 'analyst-analyst-estimates', 'name': 'Analyst Estimates'}",USA,1,TOP3000,VECTOR,0.6827,1986,3283,1.2,[]
anl4_bac1detailqfv110_item,Financial item,"{'id': 'analyst4', 'name': 'Analyst Estimate Data for Equity'}","{'id': 'analyst', 'name': 'Analyst'}","{'id': 'analyst-analyst-estimates', 'name': 'Analyst Estimates'}",USA,1,TOP3000,VECTOR,0.6876,37,134,1.2,[]
anl4_bac1detailrec_item,Financial item,"{'id': 'analyst4', 'name': 'Analyst Estimate Data for Equity'}","{'id': 'analyst', 'name': 'Analyst'}","{'id': 'analyst-analyst-estimates', 'name': 'Analyst Estimates'}",USA,1,TOP3000,VECTOR,0.7128,1053,2304,1.2,[]
anl4_basicconafv110_down,Number of lower estimations,"{'id': 'analyst4', 'name': 'Analyst Estimate Data for Equity'}","{'id': 'analyst', 'name': 'Analyst'}","{'id': 'analyst-analyst-estimates', 'name': 'Analyst Estimates'}",USA,1,TOP3000,VECTOR,0.7343,40,115,1.2,[]
anl4_basicconafv110_high,The highest estimation,"{'id': 'analyst4', 'name': 'Analyst Estimate Data for Equity'}","{'id': 'analyst', 'name': 'Analyst'}","{'id': 'analyst-analyst-estimates', 'name': 'Analyst Estimates'}",USA,1,TOP3000,VECTOR,0.7343,18,20,1.2,[]
anl4_basicconafv110_low,The lowest estimation,"{'id': 'analyst4', 'name': 'Analyst Estimate Data for Equity'}","{'id': 'analyst', 'name': 'Analyst'}","{'id': 'analyst-analyst-estimates', 'name': 'Analyst Estimates'}",USA,1,TOP3000,VECTOR,0.7343,11,21,1.2,[]
anl4_basicconafv110_mean,Mean of estimations,"{'id': 'analyst4', 'name': 'Analyst Estimate Data for Equity'}","{'id': 'analyst', 'name': 'Analyst'}","{'id': 'analyst-analyst-estimates', 'name': 'Analyst Estimates'}",USA,1,TOP3000,VECTOR,0.7343,21,35,1.2,[]
anl4_basicconafv110_median,Median of estimations,"{'id': 'analyst4', 'name': 'Analyst Estimate Data for Equity'}","{'id': 'analyst', 'name': 'Analyst'}","{'id': 'analyst-analyst-estimates', 'name': 'Analyst Estimates'}",USA,1,TOP3000,VECTOR,0.7343,17,26,1.2,[]
anl4_basicconafv110_numest,The number of forecasts counted in aggregation,"{'id': 'analyst4', 'name': 'Analyst Estimate Data for Equity'}","{'id': 'analyst', 'name': 'Analyst'}","{'id': 'analyst-analyst-estimates', 'name': 'Analyst Estimates'}",USA,1,TOP3000,VECTOR,0.7343,433,558,1.2,[]
anl4_basicconafv110_pu,The number of upper estimations,"{'id': 'analyst4', 'name': 'Analyst Estimate Data for Equity'}","{'id': 'analyst', 'name': 'Analyst'}","{'id': 'analyst-analyst-estimates', 'name': 'Analyst Estimates'}",USA,1,TOP3000,VECTOR,0.7343,906,1360,1.2,[]
anl4_basicconltv110_down,Number of lower estimations,"{'id': 'analyst4', 'name': 'Analyst Estimate Data for Equity'}","{'id': 'analyst', 'name': 'Analyst'}","{'id': 'analyst-analyst-estimates', 'name': 'Analyst Estimates'}",USA,1,TOP3000,VECTOR,0.7004,28,58,1.2,[]
anl4_basicconltv110_high,The highest estimation,"{'id': 'analyst4', 'name': 'Analyst Estimate Data for Equity'}","{'id': 'analyst', 'name': 'Analyst'}","{'id': 'analyst-analyst-estimates', 'name': 'Analyst Estimates'}",USA,1,TOP3000,VECTOR,0.7004,42,105,1.2,[]
anl4_basicconltv110_low,The lowest estimation,"{'id': 'analyst4', 'name': 'Analyst Estimate Data for Equity'}","{'id': 'analyst', 'name': 'Analyst'}","{'id': 'analyst-analyst-estimates', 'name': 'Analyst Estimates'}",USA,1,TOP3000,VECTOR,0.7004,24,35,1.2,[]
anl4_basicconltv110_mean,Mean of estimations,"{'id': 'analyst4', 'name': 'Analyst Estimate Data for Equity'}","{'id': 'analyst', 'name': 'Analyst'}","{'id': 'analyst-analyst-estimates', 'name': 'Analyst Estimates'}",USA,1,TOP3000,VECTOR,0.7004,36,50,1.2,[]
anl4_basicconltv110_median,Median of estimations,"{'id': 'analyst4', 'name': 'Analyst Estimate Data for Equity'}","{'id': 'analyst', 'name': 'Analyst'}","{'id': 'analyst-analyst-estimates', 'name': 'Analyst Estimates'}",USA,1,TOP3000,VECTOR,0.7004,55,96,1.2,[]
anl4_basicconltv110_numest,The number of forecasts counted in aggregation,"{'id': 'analyst4', 'name': 'Analyst Estimate Data for Equity'}","{'id': 'analyst', 'name': 'Analyst'}","{'id': 'analyst-analyst-estimates', 'name': 'Analyst Estimates'}",USA,1,TOP3000,VECTOR,0.7004,1041,1349,1.2,[]
anl4_basicconltv110_pu,The number of upper estimations,"{'id': 'analyst4', 'name': 'Analyst Estimate Data for Equity'}","{'id': 'analyst', 'name': 'Analyst'}","{'id': 'analyst-analyst-estimates', 'name': 'Analyst Estimates'}",USA,1,TOP3000,VECTOR,0.7004,584,832,1.2,[]
anl4_basicconqfv110_down,Number of lower estimations,"{'id': 'analyst4', 'name': 'Analyst Estimate Data for Equity'}","{'id': 'analyst', 'name': 'Analyst'}","{'id': 'analyst-analyst-estimates', 'name': 'Analyst Estimates'}",USA,1,TOP3000,VECTOR,0.7262,904,994,1.2,[]
anl4_basicconqfv110_high,The highest estimation,"{'id': 'analyst4', 'name': 'Analyst Estimate Data for Equity'}","{'id': 'analyst', 'name': 'Analyst'}","{'id': 'analyst-analyst-estimates', 'name': 'Analyst Estimates'}",USA,1,TOP3000,VECTOR,0.7262,24,36,1.2,[]
anl4_basicconqfv110_low,The lowest estimation,"{'id': 'analyst4', 'name': 'Analyst Estimate Data for Equity'}","{'id': 'analyst', 'name': 'Analyst'}","{'id': 'analyst-analyst-estimates', 'name': 'Analyst Estimates'}",USA,1,TOP3000,VECTOR,0.7262,20,42,1.2,[]
anl4_basicconqfv110_mean,Mean of estimations,"{'id': 'analyst4', 'name': 'Analyst Estimate Data for Equity'}","{'id': 'analyst', 'name': 'Analyst'}","{'id': 'analyst-analyst-estimates', 'name': 'Analyst Estimates'}",USA,1,TOP3000,VECTOR,0.7262,1014,1065,1.2,[]
anl4_basicconqfv110_median,Median of estimations,"{'id': 'analyst4', 'name': 'Analyst Estimate Data for Equity'}","{'id': 'analyst', 'name': 'Analyst'}","{'id': 'analyst-analyst-estimates', 'name': 'Analyst Estimates'}",USA,1,TOP3000,VECTOR,0.7262,42,60,1.2,[]
anl4_basicconqfv110_numest,The number of forecasts counted in aggregation,"{'id': 'analyst4', 'name': 'Analyst Estimate Data for Equity'}","{'id': 'analyst', 'name': 'Analyst'}","{'id': 'analyst-analyst-estimates', 'name': 'Analyst Estimates'}",USA,1,TOP3000,VECTOR,0.7262,849,1090,1.2,[]
anl4_basicconqfv110_pu,The number of upper estimations,"{'id': 'analyst4', 'name': 'Analyst Estimate Data for Equity'}","{'id': 'analyst', 'name': 'Analyst'}","{'id': 'analyst-analyst-estimates', 'name': 'Analyst Estimates'}",USA,1,TOP3000,VECTOR,0.7262,1653,2791,1.2,[]
anl4_basicdetaillt_bk,Broker name (int),"{'id': 'analyst4', 'name': 'Analyst Estimate Data for Equity'}","{'id': 'analyst', 'name': 'Analyst'}","{'id': 'analyst-analyst-estimates', 'name': 'Analyst Estimates'}",USA,1,TOP3000,VECTOR,0.6827,22,55,1.2,[]
anl4_basicdetaillt_estvalue,Estimation value,"{'id': 'analyst4', 'name': 'Analyst Estimate Data for Equity'}","{'id': 'analyst', 'name': 'Analyst'}","{'id': 'analyst-analyst-estimates', 'name': 'Analyst Estimates'}",USA,1,TOP3000,VECTOR,0.6818,35,64,1.2,[]
anl4_basicdetaillt_person,Broker Id,"{'id': 'analyst4', 'name': 'Analyst Estimate Data for Equity'}","{'id': 'analyst', 'name': 'Analyst'}","{'id': 'analyst-analyst-estimates', 'name': 'Analyst Estimates'}",USA,1,TOP3000,VECTOR,0.6827,38,67,1.2,[]
anl4_basicdetaillt_prevval,The Previous Estimation of Financial Item,"{'id': 'analyst4', 'name': 'Analyst Estimate Data for Equity'}","{'id': 'analyst', 'name': 'Analyst'}","{'id': 'analyst-analyst-estimates', 'name': 'Analyst Estimates'}",USA,1,TOP3000,VECTOR,0.677,47,81,1.2,[]
anl4_basicdetailqfv110_bk,Broker name (int),"{'id': 'analyst4', 'name': 'Analyst Estimate Data for Equity'}","{'id': 'analyst', 'name': 'Analyst'}","{'id': 'analyst-analyst-estimates', 'name': 'Analyst Estimates'}",USA,1,TOP3000,VECTOR,0.6876,21,27,1.2,[]
anl4_basicdetailqfv110_estvalue,Estimation value,"{'id': 'analyst4', 'name': 'Analyst Estimate Data for Equity'}","{'id': 'analyst', 'name': 'Analyst'}","{'id': 'analyst-analyst-estimates', 'name': 'Analyst Estimates'}",USA,1,TOP3000,VECTOR,0.6873,17,27,1.2,[]
anl4_basicdetailqfv110_person,Broker Id,"{'id': 'analyst4', 'name': 'Analyst Estimate Data for Equity'}","{'id': 'analyst', 'name': 'Analyst'}","{'id': 'analyst-analyst-estimates', 'name': 'Analyst Estimates'}",USA,1,TOP3000,VECTOR,0.6876,18,27,1.2,[]
anl4_basicdetailqfv110_prevval,The previous estimation of financial item,"{'id': 'analyst4', 'name': 'Analyst Estimate Data for Equity'}","{'id': 'analyst', 'name': 'Analyst'}","{'id': 'analyst-analyst-estimates', 'name': 'Analyst Estimates'}",USA,1,TOP3000,VECTOR,0.6847,27,49,1.2,[]
anl4_basicdetailrec_bk,Broker name (int),"{'id': 'analyst4', 'name': 'Analyst Estimate Data for Equity'}","{'id': 'analyst', 'name': 'Analyst'}","{'id': 'analyst-analyst-estimates', 'name': 'Analyst Estimates'}",USA,1,TOP3000,VECTOR,0.7128,41,60,1.2,[]
anl4_basicdetailrec_person,Broker Id,"{'id': 'analyst4', 'name': 'Analyst Estimate Data for Equity'}","{'id': 'analyst', 'name': 'Analyst'}","{'id': 'analyst-analyst-estimates', 'name': 'Analyst Estimates'}",USA,1,TOP3000,VECTOR,0.7128,31,48,1.2,[]
anl4_basicdetailrec_ratingvalue,Score on the given instrument,"{'id': 'analyst4', 'name': 'Analyst Estimate Data for Equity'}","{'id': 'analyst', 'name': 'Analyst'}","{'id': 'analyst-analyst-estimates', 'name': 'Analyst Estimates'}",USA,1,TOP3000,VECTOR,0.7104,203,342,1.2,[]
anl4_baz1v110_bk,Broker name (int),"{'id': 'analyst4', 'name': 'Analyst Estimate Data for Equity'}","{'id': 'analyst', 'name': 'Analyst'}","{'id': 'analyst-analyst-estimates', 'name': 'Analyst Estimates'}",USA,1,TOP3000,VECTOR,0.7154,25,59,1.2,[]
anl4_baz1v110_estvalue,Estimation value,"{'id': 'analyst4', 'name': 'Analyst Estimate Data for Equity'}","{'id': 'analyst', 'name': 'Analyst'}","{'id': 'analyst-analyst-estimates', 'name': 'Analyst Estimates'}",USA,1,TOP3000,VECTOR,0.7152,36,51,1.2,[]
anl4_baz1v110_person,Broker Id,"{'id': 'analyst4', 'name': 'Analyst Estimate Data for Equity'}","{'id': 'analyst', 'name': 'Analyst'}","{'id': 'analyst-analyst-estimates', 'name': 'Analyst Estimates'}",USA,1,TOP3000,VECTOR,0.7154,434,505,1.2,[]
anl4_baz1v110_prevval,The previous estimation of financial item,"{'id': 'analyst4', 'name': 'Analyst Estimate Data for Equity'}","{'id': 'analyst', 'name': 'Analyst'}","{'id': 'analyst-analyst-estimates', 'name': 'Analyst Estimates'}",USA,1,TOP3000,VECTOR,0.7134,20,29,1.2,[]
anl4_buy,The number of recommendations to long the instrument,"{'id': 'analyst4', 'name': 'Analyst Estimate Data for Equity'}","{'id': 'analyst', 'name': 'Analyst'}","{'id': 'analyst-analyst-estimates', 'name': 'Analyst Estimates'}",USA,1,TOP3000,VECTOR,0.6243,248,349,1.2,[]
anl4_bvps_flag,Book value per share - forecast type (revision/new/...),"{'id': 'analyst4', 'name': 'Analyst Estimate Data for Equity'}","{'id': 'analyst', 'name': 'Analyst'}","{'id': 'analyst-analyst-estimates', 'name': 'Analyst Estimates'}",USA,1,TOP3000,MATRIX,0.8223,3718,5637,1.2,[]
anl4_bvps_high,"Book value - the highest estimation, per share","{'id': 'analyst4', 'name': 'Analyst Estimate Data for Equity'}","{'id': 'analyst', 'name': 'Analyst'}","{'id': 'analyst-analyst-estimates', 'name': 'Analyst Estimates'}",USA,1,TOP3000,MATRIX,0.6499,256,820,1.2,[]
anl4_bvps_low,"Book value - the lowest estimation, per share","{'id': 'analyst4', 'name': 'Analyst Estimate Data for Equity'}","{'id': 'analyst', 'name': 'Analyst'}","{'id': 'analyst-analyst-estimates', 'name': 'Analyst Estimates'}",USA,1,TOP3000,MATRIX,0.6499,595,1083,1.2,[]
anl4_bvps_mean,Book value per share - average of estimations,"{'id': 'analyst4', 'name': 'Analyst Estimate Data for Equity'}","{'id': 'analyst', 'name': 'Analyst'}","{'id': 'analyst-analyst-estimates', 'name': 'Analyst Estimates'}",USA,1,TOP3000,MATRIX,0.6499,207,774,1.2,[]
anl4_bvps_median,Book value per share - Median value among forecasts,"{'id': 'analyst4', 'name': 'Analyst Estimate Data for Equity'}","{'id': 'analyst', 'name': 'Analyst'}","{'id': 'analyst-analyst-estimates', 'name': 'Analyst Estimates'}",USA,1,TOP3000,MATRIX,0.6499,187,664,1.2,[]
anl4_bvps_number,Book value per share - number of estimations,"{'id': 'analyst4', 'name': 'Analyst Estimate Data for Equity'}","{'id': 'analyst', 'name': 'Analyst'}","{'id': 'analyst-analyst-estimates', 'name': 'Analyst Estimates'}",USA,1,TOP3000,MATRIX,0.6499,643,784,1.2,[]
anl4_bvps_value,Book value per share - announced financial value,"{'id': 'analyst4', 'name': 'Analyst Estimate Data for Equity'}","{'id': 'analyst', 'name': 'Analyst'}","{'id': 'analyst-analyst-estimates', 'name': 'Analyst Estimates'}",USA,1,TOP3000,MATRIX,0.3499,213,379,1.2,[]
anl4_capex_flag,Capital Expenditures - forecast type (revision/new/...),"{'id': 'analyst4', 'name': 'Analyst Estimate Data for Equity'}","{'id': 'analyst', 'name': 'Analyst'}","{'id': 'analyst-analyst-estimates', 'name': 'Analyst Estimates'}",USA,1,TOP3000,MATRIX,0.8506,1361,2273,1.2,[]
anl4_capex_high,Capital Expenditures - The highest estimation,"{'id': 'analyst4', 'name': 'Analyst Estimate Data for Equity'}","{'id': 'analyst', 'name': 'Analyst'}","{'id': 'analyst-analyst-estimates', 'name': 'Analyst Estimates'}",USA,1,TOP3000,MATRIX,0.6173,1160,6811,1.2,[]
anl4_capex_low,Capital Expenditures - The lowest estimation,"{'id': 'analyst4', 'name': 'Analyst Estimate Data for Equity'}","{'id': 'analyst', 'name': 'Analyst'}","{'id': 'analyst-analyst-estimates', 'name': 'Analyst Estimates'}",USA,1,TOP3000,MATRIX,0.6173,1180,5869,1.2,[]
anl4_capex_mean,Capital Expenditures - mean of estimations,"{'id': 'analyst4', 'name': 'Analyst Estimate Data for Equity'}","{'id': 'analyst', 'name': 'Analyst'}","{'id': 'analyst-analyst-estimates', 'name': 'Analyst Estimates'}",USA,1,TOP3000,MATRIX,0.6173,147,561,1.2,[]
anl4_capex_number,Capital Expenditures - number of estimations,"{'id': 'analyst4', 'name': 'Analyst Estimate Data for Equity'}","{'id': 'analyst', 'name': 'Analyst'}","{'id': 'analyst-analyst-estimates', 'name': 'Analyst Estimates'}",USA,1,TOP3000,MATRIX,0.6173,130,257,1.2,[]
anl4_capex_std,Capital Expenditures - standard deviation of estimations,"{'id': 'analyst4', 'name': 'Analyst Estimate Data for Equity'}","{'id': 'analyst', 'name': 'Analyst'}","{'id': 'analyst-analyst-estimates', 'name': 'Analyst Estimates'}",USA,1,TOP3000,MATRIX,0.2569,895,2514,1.2,[]
anl4_capex_value,Capital Expenditures - announced financial value,"{'id': 'analyst4', 'name': 'Analyst Estimate Data for Equity'}","{'id': 'analyst', 'name': 'Analyst'}","{'id': 'analyst-analyst-estimates', 'name': 'Analyst Estimates'}",USA,1,TOP3000,MATRIX,0.3746,1176,4958,1.2,[]
anl4_cff_flag,Cash Flow From Financing Activities - forecast type (revision/new/...),"{'id': 'analyst4', 'name': 'Analyst Estimate Data for Equity'}","{'id': 'analyst', 'name': 'Analyst'}","{'id': 'analyst-analyst-estimates', 'name': 'Analyst Estimates'}",USA,1,TOP3000,MATRIX,0.8244,1189,1654,1.2,[]
anl4_cff_high,Cash Flow From Financing - The highest of forecasted values,"{'id': 'analyst4', 'name': 'Analyst Estimate Data for Equity'}","{'id': 'analyst', 'name': 'Analyst'}","{'id': 'analyst-analyst-estimates', 'name': 'Analyst Estimates'}",USA,1,TOP3000,MATRIX,0.59,731,1666,1.2,[]
anl4_cff_low,Cash Flow From Financing - The lowest estimation,"{'id': 'analyst4', 'name': 'Analyst Estimate Data for Equity'}","{'id': 'analyst', 'name': 'Analyst'}","{'id': 'analyst-analyst-estimates', 'name': 'Analyst Estimates'}",USA,1,TOP3000,MATRIX,0.59,1056,4079,1.2,[]
anl4_cff_mean,Cash Flow From Financing - mean of estimations,"{'id': 'analyst4', 'name': 'Analyst Estimate Data for Equity'}","{'id': 'analyst', 'name': 'Analyst'}","{'id': 'analyst-analyst-estimates', 'name': 'Analyst Estimates'}",USA,1,TOP3000,MATRIX,0.59,96,216,1.2,[]
anl4_cff_median,Cash Flow From Financing Activities - Median value among forecasts,"{'id': 'analyst4', 'name': 'Analyst Estimate Data for Equity'}","{'id': 'analyst', 'name': 'Analyst'}","{'id': 'analyst-analyst-estimates', 'name': 'Analyst Estimates'}",USA,1,TOP3000,MATRIX,0.59,100,281,1.2,[]
anl4_cff_number,Cash Flow From Financing - number of estimations,"{'id': 'analyst4', 'name': 'Analyst Estimate Data for Equity'}","{'id': 'analyst', 'name': 'Analyst'}","{'id': 'analyst-analyst-estimates', 'name': 'Analyst Estimates'}",USA,1,TOP3000,MATRIX,0.59,256,382,1.2,[]
anl4_cff_value,Cash Flow From Financing - announced financial value,"{'id': 'analyst4', 'name': 'Analyst Estimate Data for Equity'}","{'id': 'analyst', 'name': 'Analyst'}","{'id': 'analyst-analyst-estimates', 'name': 'Analyst Estimates'}",USA,1,TOP3000,MATRIX,0.2705,250,412,1.2,[]
anl4_cfi_flag,Cash Flow From Investing - forecast type (revision/new/...),"{'id': 'analyst4', 'name': 'Analyst Estimate Data for Equity'}","{'id': 'analyst', 'name': 'Analyst'}","{'id': 'analyst-analyst-estimates', 'name': 'Analyst Estimates'}",USA,1,TOP3000,MATRIX,0.8287,707,1064,1.2,[]
anl4_cfi_high,Cash Flow From Investing - The highest estimation,"{'id': 'analyst4', 'name': 'Analyst Estimate Data for Equity'}","{'id': 'analyst', 'name': 'Analyst'}","{'id': 'analyst-analyst-estimates', 'name': 'Analyst Estimates'}",USA,1,TOP3000,MATRIX,0.5849,707,1206,1.2,[]
anl4_cfi_low,Cash Flow From Investing - The lowest estimation,"{'id': 'analyst4', 'name': 'Analyst Estimate Data for Equity'}","{'id': 'analyst', 'name': 'Analyst'}","{'id': 'analyst-analyst-estimates', 'name': 'Analyst Estimates'}",USA,1,TOP3000,MATRIX,0.5849,891,2554,1.2,[]
anl4_cfi_mean,Cash Flow From Investing - mean of estimations,"{'id': 'analyst4', 'name': 'Analyst Estimate Data for Equity'}","{'id': 'analyst', 'name': 'Analyst'}","{'id': 'analyst-analyst-estimates', 'name': 'Analyst Estimates'}",USA,1,TOP3000,MATRIX,0.5849,91,189,1.2,[]
anl4_cfi_median,Cash Flow From Investing - median of estimations,"{'id': 'analyst4', 'name': 'Analyst Estimate Data for Equity'}","{'id': 'analyst', 'name': 'Analyst'}","{'id': 'analyst-analyst-estimates', 'name': 'Analyst Estimates'}",USA,1,TOP3000,MATRIX,0.5849,229,334,1.2,[]
anl4_cfi_number,Cash Flow From Investing - number of estimations,"{'id': 'analyst4', 'name': 'Analyst Estimate Data for Equity'}","{'id': 'analyst', 'name': 'Analyst'}","{'id': 'analyst-analyst-estimates', 'name': 'Analyst Estimates'}",USA,1,TOP3000,MATRIX,0.5849,113,216,1.2,[]
anl4_cfi_value,Cash Flow From Investing - announced financial value,"{'id': 'analyst4', 'name': 'Analyst Estimate Data for Equity'}","{'id': 'analyst', 'name': 'Analyst'}","{'id': 'analyst-analyst-estimates', 'name': 'Analyst Estimates'}",USA,1,TOP3000,MATRIX,0.256,846,1735,1.2,[]
anl4_cfo_flag,Cash Flow From Operations - forecast type (revision/new/...),"{'id': 'analyst4', 'name': 'Analyst Estimate Data for Equity'}","{'id': 'analyst', 'name': 'Analyst'}","{'id': 'analyst-analyst-estimates', 'name': 'Analyst Estimates'}",USA,1,TOP3000,MATRIX,0.8269,798,1304,1.2,[]
anl4_cfo_high,Cash Flow From Operations - The highest value among forecasts,"{'id': 'analyst4', 'name': 'Analyst Estimate Data for Equity'}","{'id': 'analyst', 'name': 'Analyst'}","{'id': 'analyst-analyst-estimates', 'name': 'Analyst Estimates'}",USA,1,TOP3000,MATRIX,0.6232,871,1852,1.2,[]
anl4_cfo_low,Cash Flow From Operations - The lowest estimation,"{'id': 'analyst4', 'name': 'Analyst Estimate Data for Equity'}","{'id': 'analyst', 'name': 'Analyst'}","{'id': 'analyst-analyst-estimates', 'name': 'Analyst Estimates'}",USA,1,TOP3000,MATRIX,0.6232,998,5408,1.2,[]
anl4_cfo_mean,Cash Flow From Operations - mean of estimations,"{'id': 'analyst4', 'name': 'Analyst Estimate Data for Equity'}","{'id': 'analyst', 'name': 'Analyst'}","{'id': 'analyst-analyst-estimates', 'name': 'Analyst Estimates'}",USA,1,TOP3000,MATRIX,0.6232,75,219,1.2,[]
anl4_cfo_median,Cash Flow From Operations - median of estimations,"{'id': 'analyst4', 'name': 'Analyst Estimate Data for Equity'}","{'id': 'analyst', 'name': 'Analyst'}","{'id': 'analyst-analyst-estimates', 'name': 'Analyst Estimates'}",USA,1,TOP3000,MATRIX,0.6232,853,1947,1.2,[]
anl4_cfo_number,Cash Flow From Operations - number of estimations,"{'id': 'analyst4', 'name': 'Analyst Estimate Data for Equity'}","{'id': 'analyst', 'name': 'Analyst'}","{'id': 'analyst-analyst-estimates', 'name': 'Analyst Estimates'}",USA,1,TOP3000,MATRIX,0.6232,469,622,1.2,[]
anl4_cfo_value,Cash Flow From Operations - announced financial value,"{'id': 'analyst4', 'name': 'Analyst Estimate Data for Equity'}","{'id': 'analyst', 'name': 'Analyst'}","{'id': 'analyst-analyst-estimates', 'name': 'Analyst Estimates'}",USA,1,TOP3000,MATRIX,0.3218,1216,5185,1.2,[]
anl4_cuo1actualqfv110_actual,Announced financial data,"{'id': 'analyst4', 'name': 'Analyst Estimate Data for Equity'}","{'id': 'analyst', 'name': 'Analyst'}","{'id': 'analyst-analyst-estimates', 'name': 'Analyst Estimates'}",USA,1,TOP3000,VECTOR,0.6345,395,440,1.2,[]
anl4_cuo1actualqfv110_item,Financial item,"{'id': 'analyst4', 'name': 'Analyst Estimate Data for Equity'}","{'id': 'analyst', 'name': 'Analyst'}","{'id': 'analyst-analyst-estimates', 'name': 'Analyst Estimates'}",USA,1,TOP3000,VECTOR,0.6473,125,149,1.2,[]
anl4_cuo1conafv110_item,Financial item,"{'id': 'analyst4', 'name': 'Analyst Estimate Data for Equity'}","{'id': 'analyst', 'name': 'Analyst'}","{'id': 'analyst-analyst-estimates', 'name': 'Analyst Estimates'}",USA,1,TOP3000,VECTOR,0.7196,100,117,1.2,[]
anl4_cuo1conqfv110_item,Financial item,"{'id': 'analyst4', 'name': 'Analyst Estimate Data for Equity'}","{'id': 'analyst', 'name': 'Analyst'}","{'id': 'analyst-analyst-estimates', 'name': 'Analyst Estimates'}",USA,1,TOP3000,VECTOR,0.6979,688,856,1.2,[]
anl4_cuo1detailafv110_item,Financial item,"{'id': 'analyst4', 'name': 'Analyst Estimate Data for Equity'}","{'id': 'analyst', 'name': 'Analyst'}","{'id': 'analyst-analyst-estimates', 'name': 'Analyst Estimates'}",USA,1,TOP3000,VECTOR,0.688,1547,3314,1.2,[]
anl4_cuo1detailqfv110_item,Financial item,"{'id': 'analyst4', 'name': 'Analyst Estimate Data for Equity'}","{'id': 'analyst', 'name': 'Analyst'}","{'id': 'analyst-analyst-estimates', 'name': 'Analyst Estimates'}",USA,1,TOP3000,VECTOR,0.6295,1355,2302,1.2,[]
anl4_cuo1guidaf_item,Financial item,"{'id': 'analyst4', 'name': 'Analyst Estimate Data for Equity'}","{'id': 'analyst', 'name': 'Analyst'}","{'id': 'analyst-analyst-estimates', 'name': 'Analyst Estimates'}",USA,1,TOP3000,VECTOR,0.2961,15,18,1.2,[]
anl4_cuo1guidaf_maxguidance,Max guidance value,"{'id': 'analyst4', 'name': 'Analyst Estimate Data for Equity'}","{'id': 'analyst', 'name': 'Analyst'}","{'id': 'analyst-analyst-estimates', 'name': 'Analyst Estimates'}",USA,1,TOP3000,VECTOR,0.2938,31,33,1.2,[]
anl4_cuo1guidaf_minguidance,Minimum guidance value,"{'id': 'analyst4', 'name': 'Analyst Estimate Data for Equity'}","{'id': 'analyst', 'name': 'Analyst'}","{'id': 'analyst-analyst-estimates', 'name': 'Analyst Estimates'}",USA,1,TOP3000,VECTOR,0.2952,47,52,1.2,[]
anl4_dei2laf_item,Financial item,"{'id': 'analyst4', 'name': 'Analyst Estimate Data for Equity'}","{'id': 'analyst', 'name': 'Analyst'}","{'id': 'analyst-analyst-estimates', 'name': 'Analyst Estimates'}",USA,1,TOP3000,VECTOR,0.4928,755,979,1.2,[]
anl4_dei2lqfv110_item,Financial item,"{'id': 'analyst4', 'name': 'Analyst Estimate Data for Equity'}","{'id': 'analyst', 'name': 'Analyst'}","{'id': 'analyst-analyst-estimates', 'name': 'Analyst Estimates'}",USA,1,TOP3000,VECTOR,0.4304,1488,2334,1.2,[]
anl4_dei3lafv110_item,Financial item,"{'id': 'analyst4', 'name': 'Analyst Estimate Data for Equity'}","{'id': 'analyst', 'name': 'Analyst'}","{'id': 'analyst-analyst-estimates', 'name': 'Analyst Estimates'}",USA,1,TOP3000,VECTOR,0.5416,511,619,1.2,[]
anl4_dei3lltv110_item,Financial item,"{'id': 'analyst4', 'name': 'Analyst Estimate Data for Equity'}","{'id': 'analyst', 'name': 'Analyst'}","{'id': 'analyst-analyst-estimates', 'name': 'Analyst Estimates'}",USA,1,TOP3000,VECTOR,0.4737,1804,3247,1.2,[]
anl4_dei3lqfv110_item,Financial item,"{'id': 'analyst4', 'name': 'Analyst Estimate Data for Equity'}","{'id': 'analyst', 'name': 'Analyst'}","{'id': 'analyst-analyst-estimates', 'name': 'Analyst Estimates'}",USA,1,TOP3000,VECTOR,0.513,291,328,1.2,[]
anl4_dei3lrec_item,Financial item,"{'id': 'analyst4', 'name': 'Analyst Estimate Data for Equity'}","{'id': 'analyst', 'name': 'Analyst'}","{'id': 'analyst-analyst-estimates', 'name': 'Analyst Estimates'}",USA,1,TOP3000,VECTOR,0.5489,299,335,1.2,[]
anl4_detailltv4v104_est,Estimation value,"{'id': 'analyst4', 'name': 'Analyst Estimate Data for Equity'}","{'id': 'analyst', 'name': 'Analyst'}","{'id': 'analyst-analyst-estimates', 'name': 'Analyst Estimates'}",USA,1,TOP3000,VECTOR,0.7943,36,53,1.2,[]
anl4_detailltv4v104_preest,The previous estimation of financial item,"{'id': 'analyst4', 'name': 'Analyst Estimate Data for Equity'}","{'id': 'analyst', 'name': 'Analyst'}","{'id': 'analyst-analyst-estimates', 'name': 'Analyst Estimates'}",USA,1,TOP3000,VECTOR,0.7911,22,43,1.2,[]
anl4_detailrecv4v104_est,Estimation value,"{'id': 'analyst4', 'name': 'Analyst Estimate Data for Equity'}","{'id': 'analyst', 'name': 'Analyst'}","{'id': 'analyst-analyst-estimates', 'name': 'Analyst Estimates'}",USA,1,TOP3000,VECTOR,0.7885,522,790,1.2,[]
anl4_dez1afv4_est,Estimation value,"{'id': 'analyst4', 'name': 'Analyst Estimate Data for Equity'}","{'id': 'analyst', 'name': 'Analyst'}","{'id': 'analyst-analyst-estimates', 'name': 'Analyst Estimates'}",USA,1,TOP3000,VECTOR,0.7891,93,127,1.2,[]
anl4_dez1afv4_preest,The previous estimation of financial item,"{'id': 'analyst4', 'name': 'Analyst Estimate Data for Equity'}","{'id': 'analyst', 'name': 'Analyst'}","{'id': 'analyst-analyst-estimates', 'name': 'Analyst Estimates'}",USA,1,TOP3000,VECTOR,0.7874,26,49,1.2,[]
anl4_dez1basicafv4v104_est,Estimation value,"{'id': 'analyst4', 'name': 'Analyst Estimate Data for Equity'}","{'id': 'analyst', 'name': 'Analyst'}","{'id': 'analyst-analyst-estimates', 'name': 'Analyst Estimates'}",USA,1,TOP3000,VECTOR,0.8076,43,61,1.2,[]
anl4_dez1basicafv4v104_preest,The previous estimation of financial item,"{'id': 'analyst4', 'name': 'Analyst Estimate Data for Equity'}","{'id': 'analyst', 'name': 'Analyst'}","{'id': 'analyst-analyst-estimates', 'name': 'Analyst Estimates'}",USA,1,TOP3000,VECTOR,0.806,19,33,1.2,[]
anl4_dez1basicqfv4v104_est,Estimation value,"{'id': 'analyst4', 'name': 'Analyst Estimate Data for Equity'}","{'id': 'analyst', 'name': 'Analyst'}","{'id': 'analyst-analyst-estimates', 'name': 'Analyst Estimates'}",USA,1,TOP3000,VECTOR,0.7891,465,554,1.2,[]
anl4_dez1basicqfv4v104_preest,The previous estimation of financial item,"{'id': 'analyst4', 'name': 'Analyst Estimate Data for Equity'}","{'id': 'analyst', 'name': 'Analyst'}","{'id': 'analyst-analyst-estimates', 'name': 'Analyst Estimates'}",USA,1,TOP3000,VECTOR,0.7865,209,242,1.2,[]
anl4_dez1qfv4_est,Estimation value,"{'id': 'analyst4', 'name': 'Analyst Estimate Data for Equity'}","{'id': 'analyst', 'name': 'Analyst'}","{'id': 'analyst-analyst-estimates', 'name': 'Analyst Estimates'}",USA,1,TOP3000,VECTOR,0.7281,706,881,1.2,[]
anl4_dez1qfv4_preest,The previous estimation of financial item,"{'id': 'analyst4', 'name': 'Analyst Estimate Data for Equity'}","{'id': 'analyst', 'name': 'Analyst'}","{'id': 'analyst-analyst-estimates', 'name': 'Analyst Estimates'}",USA,1,TOP3000,VECTOR,0.7258,384,470,1.2,[]
anl4_dez1safv4_est,Estimation value,"{'id': 'analyst4', 'name': 'Analyst Estimate Data for Equity'}","{'id': 'analyst', 'name': 'Analyst'}","{'id': 'analyst-analyst-estimates', 'name': 'Analyst Estimates'}",USA,1,TOP3000,VECTOR,0.3142,12,31,1.2,[]
anl4_dez1safv4_preest,The previous estimation of financial item,"{'id': 'analyst4', 'name': 'Analyst Estimate Data for Equity'}","{'id': 'analyst', 'name': 'Analyst'}","{'id': 'analyst-analyst-estimates', 'name': 'Analyst Estimates'}",USA,1,TOP3000,VECTOR,0.3065,14,22,1.2,[]
anl4_dts_ptp,Pretax income - std of estimations,"{'id': 'analyst4', 'name': 'Analyst Estimate Data for Equity'}","{'id': 'analyst', 'name': 'Analyst'}","{'id': 'analyst-analyst-estimates', 'name': 'Analyst Estimates'}",USA,1,TOP3000,MATRIX,0.505,462,562,1.2,[]
anl4_dts_rspe,Reported Earnings per share - standard deviation of estimations,"{'id': 'analyst4', 'name': 'Analyst Estimate Data for Equity'}","{'id': 'analyst', 'name': 'Analyst'}","{'id': 'analyst-analyst-estimates', 'name': 'Analyst Estimates'}",USA,1,TOP3000,MATRIX,0.4773,1174,1970,1.2,[]
anl4_eaz1laf_bk,Broker name (int),"{'id': 'analyst4', 'name': 'Analyst Estimate Data for Equity'}","{'id': 'analyst', 'name': 'Analyst'}","{'id': 'analyst-analyst-estimates', 'name': 'Analyst Estimates'}",USA,1,TOP3000,VECTOR,0.4928,534,575,1.2,[]
anl4_eaz1laf_estvalue,Estimation value,"{'id': 'analyst4', 'name': 'Analyst Estimate Data for Equity'}","{'id': 'analyst', 'name': 'Analyst'}","{'id': 'analyst-analyst-estimates', 'name': 'Analyst Estimates'}",USA,1,TOP3000,VECTOR,0.4801,11,11,1.2,[]
anl4_eaz1laf_person,Broker Id,"{'id': 'analyst4', 'name': 'Analyst Estimate Data for Equity'}","{'id': 'analyst', 'name': 'Analyst'}","{'id': 'analyst-analyst-estimates', 'name': 'Analyst Estimates'}",USA,1,TOP3000,VECTOR,0.4928,405,450,1.2,[]
anl4_eaz1laf_prevval,The previous estimation of financial item,"{'id': 'analyst4', 'name': 'Analyst Estimate Data for Equity'}","{'id': 'analyst', 'name': 'Analyst'}","{'id': 'analyst-analyst-estimates', 'name': 'Analyst Estimates'}",USA,1,TOP3000,VECTOR,0.4771,15,21,1.2,[]
anl4_eaz1lqfv110_bk,Broker name (int),"{'id': 'analyst4', 'name': 'Analyst Estimate Data for Equity'}","{'id': 'analyst', 'name': 'Analyst'}","{'id': 'analyst-analyst-estimates', 'name': 'Analyst Estimates'}",USA,1,TOP3000,VECTOR,0.4304,133,142,1.2,[]
anl4_eaz1lqfv110_estvalue,Estimation value,"{'id': 'analyst4', 'name': 'Analyst Estimate Data for Equity'}","{'id': 'analyst', 'name': 'Analyst'}","{'id': 'analyst-analyst-estimates', 'name': 'Analyst Estimates'}",USA,1,TOP3000,VECTOR,0.4151,16,20,1.2,[]
anl4_eaz1lqfv110_person,Broker Id,"{'id': 'analyst4', 'name': 'Analyst Estimate Data for Equity'}","{'id': 'analyst', 'name': 'Analyst'}","{'id': 'analyst-analyst-estimates', 'name': 'Analyst Estimates'}",USA,1,TOP3000,VECTOR,0.4304,163,187,1.2,[]
anl4_eaz1lqfv110_prevval,The previous estimation of financial item,"{'id': 'analyst4', 'name': 'Analyst Estimate Data for Equity'}","{'id': 'analyst', 'name': 'Analyst'}","{'id': 'analyst-analyst-estimates', 'name': 'Analyst Estimates'}",USA,1,TOP3000,VECTOR,0.4117,8,11,1.2,[]
anl4_eaz2lafv110_bk,Broker name (int),"{'id': 'analyst4', 'name': 'Analyst Estimate Data for Equity'}","{'id': 'analyst', 'name': 'Analyst'}","{'id': 'analyst-analyst-estimates', 'name': 'Analyst Estimates'}",USA,1,TOP3000,VECTOR,0.5416,565,625,1.2,[]
anl4_eaz2lafv110_estvalue,Estimation value,"{'id': 'analyst4', 'name': 'Analyst Estimate Data for Equity'}","{'id': 'analyst', 'name': 'Analyst'}","{'id': 'analyst-analyst-estimates', 'name': 'Analyst Estimates'}",USA,1,TOP3000,VECTOR,0.5282,18,33,1.2,[]
anl4_eaz2lafv110_person,Broker Id,"{'id': 'analyst4', 'name': 'Analyst Estimate Data for Equity'}","{'id': 'analyst', 'name': 'Analyst'}","{'id': 'analyst-analyst-estimates', 'name': 'Analyst Estimates'}",USA,1,TOP3000,VECTOR,0.5416,19,21,1.2,[]
anl4_eaz2lafv110_prevval,The previous estimation of financial item,"{'id': 'analyst4', 'name': 'Analyst Estimate Data for Equity'}","{'id': 'analyst', 'name': 'Analyst'}","{'id': 'analyst-analyst-estimates', 'name': 'Analyst Estimates'}",USA,1,TOP3000,VECTOR,0.5248,12,16,1.2,[]
anl4_eaz2lltv110_bk,Broker name (int),"{'id': 'analyst4', 'name': 'Analyst Estimate Data for Equity'}","{'id': 'analyst', 'name': 'Analyst'}","{'id': 'analyst-analyst-estimates', 'name': 'Analyst Estimates'}",USA,1,TOP3000,VECTOR,0.4737,498,579,1.2,[]
anl4_eaz2lltv110_estvalue,Estimation value,"{'id': 'analyst4', 'name': 'Analyst Estimate Data for Equity'}","{'id': 'analyst', 'name': 'Analyst'}","{'id': 'analyst-analyst-estimates', 'name': 'Analyst Estimates'}",USA,1,TOP3000,VECTOR,0.46,15,17,1.2,[]
anl4_eaz2lltv110_person,Broker Id,"{'id': 'analyst4', 'name': 'Analyst Estimate Data for Equity'}","{'id': 'analyst', 'name': 'Analyst'}","{'id': 'analyst-analyst-estimates', 'name': 'Analyst Estimates'}",USA,1,TOP3000,VECTOR,0.4737,637,751,1.2,[]
anl4_eaz2lltv110_prevval,The previous estimation of financial item,"{'id': 'analyst4', 'name': 'Analyst Estimate Data for Equity'}","{'id': 'analyst', 'name': 'Analyst'}","{'id': 'analyst-analyst-estimates', 'name': 'Analyst Estimates'}",USA,1,TOP3000,VECTOR,0.4544,38,58,1.2,[]
anl4_eaz2lqfv110_bk,Broker name (int),"{'id': 'analyst4', 'name': 'Analyst Estimate Data for Equity'}","{'id': 'analyst', 'name': 'Analyst'}","{'id': 'analyst-analyst-estimates', 'name': 'Analyst Estimates'}",USA,1,TOP3000,VECTOR,0.513,115,123,1.2,[]
anl4_eaz2lqfv110_estvalue,Estimation value,"{'id': 'analyst4', 'name': 'Analyst Estimate Data for Equity'}","{'id': 'analyst', 'name': 'Analyst'}","{'id': 'analyst-analyst-estimates', 'name': 'Analyst Estimates'}",USA,1,TOP3000,VECTOR,0.4984,102,108,1.2,[]
anl4_eaz2lqfv110_person,Broker Id,"{'id': 'analyst4', 'name': 'Analyst Estimate Data for Equity'}","{'id': 'analyst', 'name': 'Analyst'}","{'id': 'analyst-analyst-estimates', 'name': 'Analyst Estimates'}",USA,1,TOP3000,VECTOR,0.513,107,126,1.2,[]
anl4_eaz2lqfv110_prevval,The previous estimation of financial item,"{'id': 'analyst4', 'name': 'Analyst Estimate Data for Equity'}","{'id': 'analyst', 'name': 'Analyst'}","{'id': 'analyst-analyst-estimates', 'name': 'Analyst Estimates'}",USA,1,TOP3000,VECTOR,0.4948,114,121,1.2,[]
anl4_eaz2lrec_bk,Broker name (int),"{'id': 'analyst4', 'name': 'Analyst Estimate Data for Equity'}","{'id': 'analyst', 'name': 'Analyst'}","{'id': 'analyst-analyst-estimates', 'name': 'Analyst Estimates'}",USA,1,TOP3000,VECTOR,0.5489,291,359,1.2,[]
anl4_eaz2lrec_person,Broker Id,"{'id': 'analyst4', 'name': 'Analyst Estimate Data for Equity'}","{'id': 'analyst', 'name': 'Analyst'}","{'id': 'analyst-analyst-estimates', 'name': 'Analyst Estimates'}",USA,1,TOP3000,VECTOR,0.5489,847,1237,1.2,[]
anl4_eaz2lrec_ratingvalue,Score on the given instrument,"{'id': 'analyst4', 'name': 'Analyst Estimate Data for Equity'}","{'id': 'analyst', 'name': 'Analyst'}","{'id': 'analyst-analyst-estimates', 'name': 'Analyst Estimates'}",USA,1,TOP3000,VECTOR,0.5327,2030,4465,1.2,[]
anl4_ebit_high,Earnings before interest and taxes - The highest estimation,"{'id': 'analyst4', 'name': 'Analyst Estimate Data for Equity'}","{'id': 'analyst', 'name': 'Analyst'}","{'id': 'analyst-analyst-estimates', 'name': 'Analyst Estimates'}",USA,1,TOP3000,MATRIX,0.7097,961,2771,1.2,[]
anl4_ebit_low,Earnings before interest and taxes - The lowest estimation,"{'id': 'analyst4', 'name': 'Analyst Estimate Data for Equity'}","{'id': 'analyst', 'name': 'Analyst'}","{'id': 'analyst-analyst-estimates', 'name': 'Analyst Estimates'}",USA,1,TOP3000,MATRIX,0.7097,864,3000,1.2,[]
anl4_ebit_mean,Earnings before interest and taxes - mean of estimations,"{'id': 'analyst4', 'name': 'Analyst Estimate Data for Equity'}","{'id': 'analyst', 'name': 'Analyst'}","{'id': 'analyst-analyst-estimates', 'name': 'Analyst Estimates'}",USA,1,TOP3000,MATRIX,0.7097,160,439,1.2,[]
anl4_ebit_median,Earnings before interest and taxes - median of estimations,"{'id': 'analyst4', 'name': 'Analyst Estimate Data for Equity'}","{'id': 'analyst', 'name': 'Analyst'}","{'id': 'analyst-analyst-estimates', 'name': 'Analyst Estimates'}",USA,1,TOP3000,MATRIX,0.7097,730,1523,1.2,[]
anl4_ebit_number,Earnings before interest and taxes - number of estimations,"{'id': 'analyst4', 'name': 'Analyst Estimate Data for Equity'}","{'id': 'analyst', 'name': 'Analyst'}","{'id': 'analyst-analyst-estimates', 'name': 'Analyst Estimates'}",USA,1,TOP3000,MATRIX,0.7097,1046,1626,1.2,[]
anl4_ebit_std,Earnings before interest and taxes - standard deviation of estimations,"{'id': 'analyst4', 'name': 'Analyst Estimate Data for Equity'}","{'id': 'analyst', 'name': 'Analyst'}","{'id': 'analyst-analyst-estimates', 'name': 'Analyst Estimates'}",USA,1,TOP3000,MATRIX,0.4695,664,1187,1.2,[]
anl4_ebit_value,Earnings before interest and taxes - announced financial value,"{'id': 'analyst4', 'name': 'Analyst Estimate Data for Equity'}","{'id': 'analyst', 'name': 'Analyst'}","{'id': 'analyst-analyst-estimates', 'name': 'Analyst Estimates'}",USA,1,TOP3000,MATRIX,0.4881,1899,12210,1.2,[]
anl4_ebitda_flag,"Earnings before interest, taxes, depreciation and amortization - forecast type (revision/new/...)","{'id': 'analyst4', 'name': 'Analyst Estimate Data for Equity'}","{'id': 'analyst', 'name': 'Analyst'}","{'id': 'analyst-analyst-estimates', 'name': 'Analyst Estimates'}",USA,1,TOP3000,MATRIX,0.8633,1576,2644,1.2,[]
anl4_ebitda_high,"Earnings before interest, taxes, depreciation, and amortization - the highest estimation","{'id': 'analyst4', 'name': 'Analyst Estimate Data for Equity'}","{'id': 'analyst', 'name': 'Analyst'}","{'id': 'analyst-analyst-estimates', 'name': 'Analyst Estimates'}",USA,1,TOP3000,MATRIX,0.5831,1037,4110,1.2,[]
anl4_ebitda_low,"Earnings before interest, taxes, depreciation and amortization - The lowest estimation","{'id': 'analyst4', 'name': 'Analyst Estimate Data for Equity'}","{'id': 'analyst', 'name': 'Analyst'}","{'id': 'analyst-analyst-estimates', 'name': 'Analyst Estimates'}",USA,1,TOP3000,MATRIX,0.5831,1029,5171,1.2,[]
anl4_ebitda_mean,"Earnings before interest, taxes, depreciation and amortization - mean of estimations","{'id': 'analyst4', 'name': 'Analyst Estimate Data for Equity'}","{'id': 'analyst', 'name': 'Analyst'}","{'id': 'analyst-analyst-estimates', 'name': 'Analyst Estimates'}",USA,1,TOP3000,MATRIX,0.5831,99,236,1.2,[]
anl4_ebitda_number,"Earnings before interest, taxes, depreciation and amortization - number of estimations","{'id': 'analyst4', 'name': 'Analyst Estimate Data for Equity'}","{'id': 'analyst', 'name': 'Analyst'}","{'id': 'analyst-analyst-estimates', 'name': 'Analyst Estimates'}",USA,1,TOP3000,MATRIX,0.5831,138,315,1.2,[]
anl4_ebitda_std,"Earnings before interest, taxes, depreciation, and amortization - standard deviation of estimations","{'id': 'analyst4', 'name': 'Analyst Estimate Data for Equity'}","{'id': 'analyst', 'name': 'Analyst'}","{'id': 'analyst-analyst-estimates', 'name': 'Analyst Estimates'}",USA,1,TOP3000,MATRIX,0.3585,369,413,1.2,[]
anl4_ebitda_value,"Earnings before interest, taxes, depreciation and amortization - announced financial value","{'id': 'analyst4', 'name': 'Analyst Estimate Data for Equity'}","{'id': 'analyst', 'name': 'Analyst'}","{'id': 'analyst-analyst-estimates', 'name': 'Analyst Estimates'}",USA,1,TOP3000,MATRIX,0.445,1538,11778,1.2,[]
anl4_epsa_flag,Earnings per share adjusted by excluding extraordinary items and stock option expenses - forecast type (revision/new/...),"{'id': 'analyst4', 'name': 'Analyst Estimate Data for Equity'}","{'id': 'analyst', 'name': 'Analyst'}","{'id': 'analyst-analyst-estimates', 'name': 'Analyst Estimates'}",USA,1,TOP3000,MATRIX,1.0,228,650,1.2,[]
anl4_epsr_flag,"GAAP Earnings - estimation type (revision/new/...), per share","{'id': 'analyst4', 'name': 'Analyst Estimate Data for Equity'}","{'id': 'analyst', 'name': 'Analyst'}","{'id': 'analyst-analyst-estimates', 'name': 'Analyst Estimates'}",USA,1,TOP3000,MATRIX,0.8742,2912,7335,1.2,[]
anl4_epsr_high,GAAP Earnings per share - The highest estimation,"{'id': 'analyst4', 'name': 'Analyst Estimate Data for Equity'}","{'id': 'analyst', 'name': 'Analyst'}","{'id': 'analyst-analyst-estimates', 'name': 'Analyst Estimates'}",USA,1,TOP3000,MATRIX,0.7153,876,2009,1.2,[]
anl4_epsr_low,GAAP Earnings per share - The lowest estimation,"{'id': 'analyst4', 'name': 'Analyst Estimate Data for Equity'}","{'id': 'analyst', 'name': 'Analyst'}","{'id': 'analyst-analyst-estimates', 'name': 'Analyst Estimates'}",USA,1,TOP3000,MATRIX,0.7153,1030,4072,1.2,[]
anl4_epsr_mean,GAAP Earnings per share - mean of estimations,"{'id': 'analyst4', 'name': 'Analyst Estimate Data for Equity'}","{'id': 'analyst', 'name': 'Analyst'}","{'id': 'analyst-analyst-estimates', 'name': 'Analyst Estimates'}",USA,1,TOP3000,MATRIX,0.7153,249,727,1.2,[]
anl4_epsr_number,GAAP Earnings per share - number of estimations,"{'id': 'analyst4', 'name': 'Analyst Estimate Data for Equity'}","{'id': 'analyst', 'name': 'Analyst'}","{'id': 'analyst-analyst-estimates', 'name': 'Analyst Estimates'}",USA,1,TOP3000,MATRIX,0.7153,1603,2660,1.2,[]
anl4_epsr_value,GAAP Earnings per share - announced financial value,"{'id': 'analyst4', 'name': 'Analyst Estimate Data for Equity'}","{'id': 'analyst', 'name': 'Analyst'}","{'id': 'analyst-analyst-estimates', 'name': 'Analyst Estimates'}",USA,1,TOP3000,MATRIX,0.5698,768,1406,1.2,[]
anl4_fcf_flag,Free cash flow - forecast type (revision/new/...),"{'id': 'analyst4', 'name': 'Analyst Estimate Data for Equity'}","{'id': 'analyst', 'name': 'Analyst'}","{'id': 'analyst-analyst-estimates', 'name': 'Analyst Estimates'}",USA,1,TOP3000,MATRIX,0.859,1865,2635,1.2,[]
anl4_fcf_high,"Free cash flow - aggregation on estimations, max","{'id': 'analyst4', 'name': 'Analyst Estimate Data for Equity'}","{'id': 'analyst', 'name': 'Analyst'}","{'id': 'analyst-analyst-estimates', 'name': 'Analyst Estimates'}",USA,1,TOP3000,MATRIX,0.5545,525,829,1.2,[]
anl4_fcf_low,Free Cash Flow - The lowest estimation,"{'id': 'analyst4', 'name': 'Analyst Estimate Data for Equity'}","{'id': 'analyst', 'name': 'Analyst'}","{'id': 'analyst-analyst-estimates', 'name': 'Analyst Estimates'}",USA,1,TOP3000,MATRIX,0.5545,903,2767,1.2,[]
anl4_fcf_mean,Free Cash Flow - mean of estimations,"{'id': 'analyst4', 'name': 'Analyst Estimate Data for Equity'}","{'id': 'analyst', 'name': 'Analyst'}","{'id': 'analyst-analyst-estimates', 'name': 'Analyst Estimates'}",USA,1,TOP3000,MATRIX,0.5545,74,193,1.2,[]
anl4_fcf_median,"Free cash flow - aggregation on estimations, 50th percentile","{'id': 'analyst4', 'name': 'Analyst Estimate Data for Equity'}","{'id': 'analyst', 'name': 'Analyst'}","{'id': 'analyst-analyst-estimates', 'name': 'Analyst Estimates'}",USA,1,TOP3000,MATRIX,0.5545,612,1012,1.2,[]
anl4_fcf_number,Free Cash Flow - number of estimations,"{'id': 'analyst4', 'name': 'Analyst Estimate Data for Equity'}","{'id': 'analyst', 'name': 'Analyst'}","{'id': 'analyst-analyst-estimates', 'name': 'Analyst Estimates'}",USA,1,TOP3000,MATRIX,0.5545,251,339,1.2,[]
anl4_fcf_value,Free cash flow - announced financial value,"{'id': 'analyst4', 'name': 'Analyst Estimate Data for Equity'}","{'id': 'analyst', 'name': 'Analyst'}","{'id': 'analyst-analyst-estimates', 'name': 'Analyst Estimates'}",USA,1,TOP3000,MATRIX,0.2803,610,1347,1.2,[]
anl4_fcfps_flag,Free cash flow per share - forecast type (revision/new/...),"{'id': 'analyst4', 'name': 'Analyst Estimate Data for Equity'}","{'id': 'analyst', 'name': 'Analyst'}","{'id': 'analyst-analyst-estimates', 'name': 'Analyst Estimates'}",USA,1,TOP3000,MATRIX,0.8947,408,705,1.2,[]
anl4_fcfps_high,Free Cash Flow Per Share - the highest estimation,"{'id': 'analyst4', 'name': 'Analyst Estimate Data for Equity'}","{'id': 'analyst', 'name': 'Analyst'}","{'id': 'analyst-analyst-estimates', 'name': 'Analyst Estimates'}",USA,1,TOP3000,MATRIX,0.4393,97,199,1.2,[]
anl4_fcfps_low,Free Cash Flow Per Share - the lowest estimation,"{'id': 'analyst4', 'name': 'Analyst Estimate Data for Equity'}","{'id': 'analyst', 'name': 'Analyst'}","{'id': 'analyst-analyst-estimates', 'name': 'Analyst Estimates'}",USA,1,TOP3000,MATRIX,0.4393,148,192,1.2,[]
anl4_fcfps_mean,Free cash flow per share - mean of estimations,"{'id': 'analyst4', 'name': 'Analyst Estimate Data for Equity'}","{'id': 'analyst', 'name': 'Analyst'}","{'id': 'analyst-analyst-estimates', 'name': 'Analyst Estimates'}",USA,1,TOP3000,MATRIX,0.4393,55,122,1.2,[]
anl4_fcfps_median,"Free cash flow - summary on estimations, 50th-percentile, per share","{'id': 'analyst4', 'name': 'Analyst Estimate Data for Equity'}","{'id': 'analyst', 'name': 'Analyst'}","{'id': 'analyst-analyst-estimates', 'name': 'Analyst Estimates'}",USA,1,TOP3000,MATRIX,0.4393,89,155,1.2,[]
anl4_fcfps_number,Free Cash Flow per Share - number of estimations,"{'id': 'analyst4', 'name': 'Analyst Estimate Data for Equity'}","{'id': 'analyst', 'name': 'Analyst'}","{'id': 'analyst-analyst-estimates', 'name': 'Analyst Estimates'}",USA,1,TOP3000,MATRIX,0.4393,2435,3737,1.2,[]
anl4_ffo_flag,Funds from Operation - forecast type (revision/new/...),"{'id': 'analyst4', 'name': 'Analyst Estimate Data for Equity'}","{'id': 'analyst', 'name': 'Analyst'}","{'id': 'analyst-analyst-estimates', 'name': 'Analyst Estimates'}",USA,1,TOP3000,MATRIX,1.0,299,597,1.2,[]
anl4_flag_erbfintax,Earnings before interest and taxes - forecast type (revision/new/...),"{'id': 'analyst4', 'name': 'Analyst Estimate Data for Equity'}","{'id': 'analyst', 'name': 'Analyst'}","{'id': 'analyst-analyst-estimates', 'name': 'Analyst Estimates'}",USA,1,TOP3000,MATRIX,0.8184,3097,6820,1.2,[]
anl4_fsactualafv4_actual,Announced financial data,"{'id': 'analyst4', 'name': 'Analyst Estimate Data for Equity'}","{'id': 'analyst', 'name': 'Analyst'}","{'id': 'analyst-analyst-estimates', 'name': 'Analyst Estimates'}",USA,1,TOP3000,VECTOR,0.764,20,30,1.2,[]
anl4_fsactualafv4_item,Financial item,"{'id': 'analyst4', 'name': 'Analyst Estimate Data for Equity'}","{'id': 'analyst', 'name': 'Analyst'}","{'id': 'analyst-analyst-estimates', 'name': 'Analyst Estimates'}",USA,1,TOP3000,VECTOR,0.7877,1641,2183,1.2,[]
anl4_fsactualqfv4_actual,Announced financial data,"{'id': 'analyst4', 'name': 'Analyst Estimate Data for Equity'}","{'id': 'analyst', 'name': 'Analyst'}","{'id': 'analyst-analyst-estimates', 'name': 'Analyst Estimates'}",USA,1,TOP3000,VECTOR,0.766,355,373,1.2,[]
anl4_fsactualqfv4_item,Financial item,"{'id': 'analyst4', 'name': 'Analyst Estimate Data for Equity'}","{'id': 'analyst', 'name': 'Analyst'}","{'id': 'analyst-analyst-estimates', 'name': 'Analyst Estimates'}",USA,1,TOP3000,VECTOR,0.7773,55,85,1.2,[]
anl4_fsdetailltv4v104_item,Financial item,"{'id': 'analyst4', 'name': 'Analyst Estimate Data for Equity'}","{'id': 'analyst', 'name': 'Analyst'}","{'id': 'analyst-analyst-estimates', 'name': 'Analyst Estimates'}",USA,1,TOP3000,VECTOR,0.7968,1922,2838,1.2,[]
anl4_fsdetailrecv4v104_item,Financial item,"{'id': 'analyst4', 'name': 'Analyst Estimate Data for Equity'}","{'id': 'analyst', 'name': 'Analyst'}","{'id': 'analyst-analyst-estimates', 'name': 'Analyst Estimates'}",USA,1,TOP3000,VECTOR,0.8025,1299,4190,1.2,[]
anl4_fsdtlestmtafv4_item,Financial item,"{'id': 'analyst4', 'name': 'Analyst Estimate Data for Equity'}","{'id': 'analyst', 'name': 'Analyst'}","{'id': 'analyst-analyst-estimates', 'name': 'Analyst Estimates'}",USA,1,TOP3000,VECTOR,0.7902,2013,3499,1.2,[]
anl4_fsdtlestmtbscqv104_item,Financial item,"{'id': 'analyst4', 'name': 'Analyst Estimate Data for Equity'}","{'id': 'analyst', 'name': 'Analyst'}","{'id': 'analyst-analyst-estimates', 'name': 'Analyst Estimates'}",USA,1,TOP3000,VECTOR,0.7904,358,825,1.2,[]
anl4_fsdtlestmtbscv104_item,Financial item,"{'id': 'analyst4', 'name': 'Analyst Estimate Data for Equity'}","{'id': 'analyst', 'name': 'Analyst'}","{'id': 'analyst-analyst-estimates', 'name': 'Analyst Estimates'}",USA,1,TOP3000,VECTOR,0.8087,624,696,1.2,[]
anl4_fsdtlestmtqfv4_item,Financial item,"{'id': 'analyst4', 'name': 'Analyst Estimate Data for Equity'}","{'id': 'analyst', 'name': 'Analyst'}","{'id': 'analyst-analyst-estimates', 'name': 'Analyst Estimates'}",USA,1,TOP3000,VECTOR,0.729,313,352,1.2,[]
anl4_fsdtlestmtsafv4_item,Financial item,"{'id': 'analyst4', 'name': 'Analyst Estimate Data for Equity'}","{'id': 'analyst', 'name': 'Analyst'}","{'id': 'analyst-analyst-estimates', 'name': 'Analyst Estimates'}",USA,1,TOP3000,VECTOR,0.3145,16,28,1.2,[]
anl4_fsgdncbscv4_maxguidance,Max guidance value,"{'id': 'analyst4', 'name': 'Analyst Estimate Data for Equity'}","{'id': 'analyst', 'name': 'Analyst'}","{'id': 'analyst-analyst-estimates', 'name': 'Analyst Estimates'}",USA,1,TOP3000,VECTOR,0.3216,528,560,1.2,[]
anl4_fsgdncbscv4_minguidance,Minimum guidance value,"{'id': 'analyst4', 'name': 'Analyst Estimate Data for Equity'}","{'id': 'analyst', 'name': 'Analyst'}","{'id': 'analyst-analyst-estimates', 'name': 'Analyst Estimates'}",USA,1,TOP3000,VECTOR,0.3216,502,550,1.2,[]
anl4_fsguidanceafv4_item,Financial item,"{'id': 'analyst4', 'name': 'Analyst Estimate Data for Equity'}","{'id': 'analyst', 'name': 'Analyst'}","{'id': 'analyst-analyst-estimates', 'name': 'Analyst Estimates'}",USA,1,TOP3000,VECTOR,0.4535,22,34,1.2,[]
anl4_fsguidanceafv4_maxguidance,Maximum guidance value,"{'id': 'analyst4', 'name': 'Analyst Estimate Data for Equity'}","{'id': 'analyst', 'name': 'Analyst'}","{'id': 'analyst-analyst-estimates', 'name': 'Analyst Estimates'}",USA,1,TOP3000,VECTOR,0.4535,134,149,1.2,[]
anl4_fsguidanceafv4_minguidance,Min guidance value,"{'id': 'analyst4', 'name': 'Analyst Estimate Data for Equity'}","{'id': 'analyst', 'name': 'Analyst'}","{'id': 'analyst-analyst-estimates', 'name': 'Analyst Estimates'}",USA,1,TOP3000,VECTOR,0.4535,77,85,1.2,[]
anl4_fsguidancebasicqfv4_item,Financial item,"{'id': 'analyst4', 'name': 'Analyst Estimate Data for Equity'}","{'id': 'analyst', 'name': 'Analyst'}","{'id': 'analyst-analyst-estimates', 'name': 'Analyst Estimates'}",USA,1,TOP3000,VECTOR,0.3216,2162,3269,1.2,[]
anl4_fsguidanceqfv4_item,Financial item,"{'id': 'analyst4', 'name': 'Analyst Estimate Data for Equity'}","{'id': 'analyst', 'name': 'Analyst'}","{'id': 'analyst-analyst-estimates', 'name': 'Analyst Estimates'}",USA,1,TOP3000,VECTOR,0.3053,1206,1599,1.2,[]
anl4_fsguidanceqfv4_maxguidance,Max guidance value,"{'id': 'analyst4', 'name': 'Analyst Estimate Data for Equity'}","{'id': 'analyst', 'name': 'Analyst'}","{'id': 'analyst-analyst-estimates', 'name': 'Analyst Estimates'}",USA,1,TOP3000,VECTOR,0.3053,1638,2352,1.2,[]
anl4_fsguidanceqfv4_minguidance,Min guidance value,"{'id': 'analyst4', 'name': 'Analyst Estimate Data for Equity'}","{'id': 'analyst', 'name': 'Analyst'}","{'id': 'analyst-analyst-estimates', 'name': 'Analyst Estimates'}",USA,1,TOP3000,VECTOR,0.3053,1347,1897,1.2,[]
anl4_gric_flag,Gross income - forecast type (revision/new/...),"{'id': 'analyst4', 'name': 'Analyst Estimate Data for Equity'}","{'id': 'analyst', 'name': 'Analyst'}","{'id': 'analyst-analyst-estimates', 'name': 'Analyst Estimates'}",USA,1,TOP3000,MATRIX,0.8951,2644,5389,1.2,[]
anl4_gric_high,Gross income - The highest estimation,"{'id': 'analyst4', 'name': 'Analyst Estimate Data for Equity'}","{'id': 'analyst', 'name': 'Analyst'}","{'id': 'analyst-analyst-estimates', 'name': 'Analyst Estimates'}",USA,1,TOP3000,MATRIX,0.6026,175,539,1.2,[]
anl4_gric_low,Gross income - The lowest estimation,"{'id': 'analyst4', 'name': 'Analyst Estimate Data for Equity'}","{'id': 'analyst', 'name': 'Analyst'}","{'id': 'analyst-analyst-estimates', 'name': 'Analyst Estimates'}",USA,1,TOP3000,MATRIX,0.6026,655,1527,1.2,[]
anl4_gric_mean,Gross income - mean of estimations,"{'id': 'analyst4', 'name': 'Analyst Estimate Data for Equity'}","{'id': 'analyst', 'name': 'Analyst'}","{'id': 'analyst-analyst-estimates', 'name': 'Analyst Estimates'}",USA,1,TOP3000,MATRIX,0.6026,140,344,1.2,[]
anl4_gric_median,Gross income - median of estimations,"{'id': 'analyst4', 'name': 'Analyst Estimate Data for Equity'}","{'id': 'analyst', 'name': 'Analyst'}","{'id': 'analyst-analyst-estimates', 'name': 'Analyst Estimates'}",USA,1,TOP3000,MATRIX,0.6026,341,691,1.2,[]
anl4_gric_number,Gross income - number of estimations,"{'id': 'analyst4', 'name': 'Analyst Estimate Data for Equity'}","{'id': 'analyst', 'name': 'Analyst'}","{'id': 'analyst-analyst-estimates', 'name': 'Analyst Estimates'}",USA,1,TOP3000,MATRIX,0.6026,632,886,1.2,[]
anl4_gric_std,Gross income - std of estimations,"{'id': 'analyst4', 'name': 'Analyst Estimate Data for Equity'}","{'id': 'analyst', 'name': 'Analyst'}","{'id': 'analyst-analyst-estimates', 'name': 'Analyst Estimates'}",USA,1,TOP3000,MATRIX,0.4073,1330,2109,1.2,[]
anl4_gric_value,Gross Income - announced financial value,"{'id': 'analyst4', 'name': 'Analyst Estimate Data for Equity'}","{'id': 'analyst', 'name': 'Analyst'}","{'id': 'analyst-analyst-estimates', 'name': 'Analyst Estimates'}",USA,1,TOP3000,MATRIX,0.3503,1102,1713,1.2,[]
anl4_guiafv4_est,Estimation value,"{'id': 'analyst4', 'name': 'Analyst Estimate Data for Equity'}","{'id': 'analyst', 'name': 'Analyst'}","{'id': 'analyst-analyst-estimates', 'name': 'Analyst Estimates'}",USA,1,TOP3000,VECTOR,0.4535,16,32,1.2,[]
anl4_guibasicqfv4_est,Estimation value,"{'id': 'analyst4', 'name': 'Analyst Estimate Data for Equity'}","{'id': 'analyst', 'name': 'Analyst'}","{'id': 'analyst-analyst-estimates', 'name': 'Analyst Estimates'}",USA,1,TOP3000,VECTOR,0.3216,1599,2198,1.2,[]
anl4_guiqfv4_est,Estimation value,"{'id': 'analyst4', 'name': 'Analyst Estimate Data for Equity'}","{'id': 'analyst', 'name': 'Analyst'}","{'id': 'analyst-analyst-estimates', 'name': 'Analyst Estimates'}",USA,1,TOP3000,VECTOR,0.3053,1129,1424,1.2,[]
anl4_hold,The number of recommendations not clear about short or long the instrument,"{'id': 'analyst4', 'name': 'Analyst Estimate Data for Equity'}","{'id': 'analyst', 'name': 'Analyst'}","{'id': 'analyst-analyst-estimates', 'name': 'Analyst Estimates'}",USA,1,TOP3000,VECTOR,0.6243,672,727,1.2,[]
anl4_mark,Recommendation consensus score,"{'id': 'analyst4', 'name': 'Analyst Estimate Data for Equity'}","{'id': 'analyst', 'name': 'Analyst'}","{'id': 'analyst-analyst-estimates', 'name': 'Analyst Estimates'}",USA,1,TOP3000,VECTOR,0.6243,273,564,1.2,[]
anl4_median_capexp,Capital Expenditures - median of estimations,"{'id': 'analyst4', 'name': 'Analyst Estimate Data for Equity'}","{'id': 'analyst', 'name': 'Analyst'}","{'id': 'analyst-analyst-estimates', 'name': 'Analyst Estimates'}",USA,1,TOP3000,MATRIX,0.6173,135,345,1.2,[]
anl4_median_epsreported,GAAP Earnings per share - median of estimations,"{'id': 'analyst4', 'name': 'Analyst Estimate Data for Equity'}","{'id': 'analyst', 'name': 'Analyst'}","{'id': 'analyst-analyst-estimates', 'name': 'Analyst Estimates'}",USA,1,TOP3000,MATRIX,0.7153,1014,2977,1.2,[]
anl4_medianepsbfam,"Earnings before interest, taxes, depreciation and amortization - median of estimations","{'id': 'analyst4', 'name': 'Analyst Estimate Data for Equity'}","{'id': 'analyst', 'name': 'Analyst'}","{'id': 'analyst-analyst-estimates', 'name': 'Analyst Estimates'}",USA,1,TOP3000,MATRIX,0.5831,581,810,1.2,[]
anl4_netdebt_flag,Net debt - forecast type (revision/new/...),"{'id': 'analyst4', 'name': 'Analyst Estimate Data for Equity'}","{'id': 'analyst', 'name': 'Analyst'}","{'id': 'analyst-analyst-estimates', 'name': 'Analyst Estimates'}",USA,1,TOP3000,MATRIX,0.8602,2585,3661,1.2,[]
anl4_netdebt_high,Net debt - the highest estimation,"{'id': 'analyst4', 'name': 'Analyst Estimate Data for Equity'}","{'id': 'analyst', 'name': 'Analyst'}","{'id': 'analyst-analyst-estimates', 'name': 'Analyst Estimates'}",USA,1,TOP3000,MATRIX,0.5156,48,76,1.2,[]
anl4_netdebt_low,Net debt - the lowest estimation,"{'id': 'analyst4', 'name': 'Analyst Estimate Data for Equity'}","{'id': 'analyst', 'name': 'Analyst'}","{'id': 'analyst-analyst-estimates', 'name': 'Analyst Estimates'}",USA,1,TOP3000,MATRIX,0.5156,93,194,1.2,[]
anl4_netdebt_mean,Net debt - mean of estimations,"{'id': 'analyst4', 'name': 'Analyst Estimate Data for Equity'}","{'id': 'analyst', 'name': 'Analyst'}","{'id': 'analyst-analyst-estimates', 'name': 'Analyst Estimates'}",USA,1,TOP3000,MATRIX,0.5156,145,308,1.2,[]
anl4_netdebt_median,Net Debt - median of estimations,"{'id': 'analyst4', 'name': 'Analyst Estimate Data for Equity'}","{'id': 'analyst', 'name': 'Analyst'}","{'id': 'analyst-analyst-estimates', 'name': 'Analyst Estimates'}",USA,1,TOP3000,MATRIX,0.5156,48,82,1.2,[]
anl4_netdebt_number,Net debt - Number of estimations,"{'id': 'analyst4', 'name': 'Analyst Estimate Data for Equity'}","{'id': 'analyst', 'name': 'Analyst'}","{'id': 'analyst-analyst-estimates', 'name': 'Analyst Estimates'}",USA,1,TOP3000,MATRIX,0.5156,107,163,1.2,[]
anl4_netprofit_flag,Net profit - forecast type (revision/new/...),"{'id': 'analyst4', 'name': 'Analyst Estimate Data for Equity'}","{'id': 'analyst', 'name': 'Analyst'}","{'id': 'analyst-analyst-estimates', 'name': 'Analyst Estimates'}",USA,1,TOP3000,MATRIX,0.8778,2391,6217,1.2,[]
anl4_netprofit_high,Net Profit - The highest estimation,"{'id': 'analyst4', 'name': 'Analyst Estimate Data for Equity'}","{'id': 'analyst', 'name': 'Analyst'}","{'id': 'analyst-analyst-estimates', 'name': 'Analyst Estimates'}",USA,1,TOP3000,MATRIX,0.7667,225,398,1.2,[]
anl4_netprofit_low,Net Profit - The Lowest Estimation,"{'id': 'analyst4', 'name': 'Analyst Estimate Data for Equity'}","{'id': 'analyst', 'name': 'Analyst'}","{'id': 'analyst-analyst-estimates', 'name': 'Analyst Estimates'}",USA,1,TOP3000,MATRIX,0.7667,637,1083,1.2,[]
anl4_netprofit_mean,Net profit - mean of estimations,"{'id': 'analyst4', 'name': 'Analyst Estimate Data for Equity'}","{'id': 'analyst', 'name': 'Analyst'}","{'id': 'analyst-analyst-estimates', 'name': 'Analyst Estimates'}",USA,1,TOP3000,MATRIX,0.7667,319,504,1.2,[]
anl4_netprofit_median,Net profit - Median of estimations,"{'id': 'analyst4', 'name': 'Analyst Estimate Data for Equity'}","{'id': 'analyst', 'name': 'Analyst'}","{'id': 'analyst-analyst-estimates', 'name': 'Analyst Estimates'}",USA,1,TOP3000,MATRIX,0.7667,584,866,1.2,[]
anl4_netprofit_number,Net profit - number of estimations,"{'id': 'analyst4', 'name': 'Analyst Estimate Data for Equity'}","{'id': 'analyst', 'name': 'Analyst'}","{'id': 'analyst-analyst-estimates', 'name': 'Analyst Estimates'}",USA,1,TOP3000,MATRIX,0.7667,2074,3330,1.2,[]
anl4_netprofit_std,Net profit - standard deviation of estimations,"{'id': 'analyst4', 'name': 'Analyst Estimate Data for Equity'}","{'id': 'analyst', 'name': 'Analyst'}","{'id': 'analyst-analyst-estimates', 'name': 'Analyst Estimates'}",USA,1,TOP3000,MATRIX,0.5996,62,142,1.2,[]
anl4_netprofit_value,Net profit - announced financial value,"{'id': 'analyst4', 'name': 'Analyst Estimate Data for Equity'}","{'id': 'analyst', 'name': 'Analyst'}","{'id': 'analyst-analyst-estimates', 'name': 'Analyst Estimates'}",USA,1,TOP3000,MATRIX,0.583,367,1251,1.2,[]
anl4_netprofita_high,Adjusted Net Income - the highest estimation,"{'id': 'analyst4', 'name': 'Analyst Estimate Data for Equity'}","{'id': 'analyst', 'name': 'Analyst'}","{'id': 'analyst-analyst-estimates', 'name': 'Analyst Estimates'}",USA,1,TOP3000,MATRIX,0.7511,182,432,1.2,[]
anl4_netprofita_low,Adjusted net income - the lowest estimation,"{'id': 'analyst4', 'name': 'Analyst Estimate Data for Equity'}","{'id': 'analyst', 'name': 'Analyst'}","{'id': 'analyst-analyst-estimates', 'name': 'Analyst Estimates'}",USA,1,TOP3000,MATRIX,0.7511,941,3101,1.2,[]
anl4_netprofita_mean,Adjusted net income - mean of estimations,"{'id': 'analyst4', 'name': 'Analyst Estimate Data for Equity'}","{'id': 'analyst', 'name': 'Analyst'}","{'id': 'analyst-analyst-estimates', 'name': 'Analyst Estimates'}",USA,1,TOP3000,MATRIX,0.7511,172,566,1.2,[]
anl4_netprofita_median,Adjusted net income - median of estimations,"{'id': 'analyst4', 'name': 'Analyst Estimate Data for Equity'}","{'id': 'analyst', 'name': 'Analyst'}","{'id': 'analyst-analyst-estimates', 'name': 'Analyst Estimates'}",USA,1,TOP3000,MATRIX,0.7511,187,305,1.2,[]
anl4_netprofita_number,Adjusted net income - number of estimations,"{'id': 'analyst4', 'name': 'Analyst Estimate Data for Equity'}","{'id': 'analyst', 'name': 'Analyst'}","{'id': 'analyst-analyst-estimates', 'name': 'Analyst Estimates'}",USA,1,TOP3000,MATRIX,0.7511,996,1603,1.2,[]
anl4_netprofita_std,Adjusted net income - std of estimations,"{'id': 'analyst4', 'name': 'Analyst Estimate Data for Equity'}","{'id': 'analyst', 'name': 'Analyst'}","{'id': 'analyst-analyst-estimates', 'name': 'Analyst Estimates'}",USA,1,TOP3000,MATRIX,0.5041,69,163,1.2,[]
anl4_netprofita_value,Adjusted net income - announced financial value,"{'id': 'analyst4', 'name': 'Analyst Estimate Data for Equity'}","{'id': 'analyst', 'name': 'Analyst'}","{'id': 'analyst-analyst-estimates', 'name': 'Analyst Estimates'}",USA,1,TOP3000,MATRIX,0.4748,221,518,1.2,[]
anl4_norec,The number of brokers with no recommendation,"{'id': 'analyst4', 'name': 'Analyst Estimate Data for Equity'}","{'id': 'analyst', 'name': 'Analyst'}","{'id': 'analyst-analyst-estimates', 'name': 'Analyst Estimates'}",USA,1,TOP3000,VECTOR,0.6243,15,18,1.2,[]
anl4_ptp_flag,Pretax income - forecast type (revision/new/...),"{'id': 'analyst4', 'name': 'Analyst Estimate Data for Equity'}","{'id': 'analyst', 'name': 'Analyst'}","{'id': 'analyst-analyst-estimates', 'name': 'Analyst Estimates'}",USA,1,TOP3000,MATRIX,0.8289,4106,13518,1.2,[]
anl4_ptp_high,Pretax income - the highest estimation,"{'id': 'analyst4', 'name': 'Analyst Estimate Data for Equity'}","{'id': 'analyst', 'name': 'Analyst'}","{'id': 'analyst-analyst-estimates', 'name': 'Analyst Estimates'}",USA,1,TOP3000,MATRIX,0.7327,1747,2157,1.2,[]
anl4_ptp_low,Pretax income - the lowest estimation,"{'id': 'analyst4', 'name': 'Analyst Estimate Data for Equity'}","{'id': 'analyst', 'name': 'Analyst'}","{'id': 'analyst-analyst-estimates', 'name': 'Analyst Estimates'}",USA,1,TOP3000,MATRIX,0.7327,1038,3731,1.2,[]
anl4_ptp_mean,Pretax income - mean of estimations,"{'id': 'analyst4', 'name': 'Analyst Estimate Data for Equity'}","{'id': 'analyst', 'name': 'Analyst'}","{'id': 'analyst-analyst-estimates', 'name': 'Analyst Estimates'}",USA,1,TOP3000,MATRIX,0.7327,143,394,1.2,[]
anl4_ptp_median,Pretax income - median of estimations,"{'id': 'analyst4', 'name': 'Analyst Estimate Data for Equity'}","{'id': 'analyst', 'name': 'Analyst'}","{'id': 'analyst-analyst-estimates', 'name': 'Analyst Estimates'}",USA,1,TOP3000,MATRIX,0.7327,142,406,1.2,[]
anl4_ptp_number,Pretax Income - number of estimations,"{'id': 'analyst4', 'name': 'Analyst Estimate Data for Equity'}","{'id': 'analyst', 'name': 'Analyst'}","{'id': 'analyst-analyst-estimates', 'name': 'Analyst Estimates'}",USA,1,TOP3000,MATRIX,0.7327,2436,4452,1.2,[]
anl4_ptp_value,Pretax income - announced financial value,"{'id': 'analyst4', 'name': 'Analyst Estimate Data for Equity'}","{'id': 'analyst', 'name': 'Analyst'}","{'id': 'analyst-analyst-estimates', 'name': 'Analyst Estimates'}",USA,1,TOP3000,MATRIX,0.5154,581,945,1.2,[]
anl4_ptpr_flag,Reported Pretax income - forecast type (revision/new/...),"{'id': 'analyst4', 'name': 'Analyst Estimate Data for Equity'}","{'id': 'analyst', 'name': 'Analyst'}","{'id': 'analyst-analyst-estimates', 'name': 'Analyst Estimates'}",USA,1,TOP3000,MATRIX,0.9008,1303,1888,1.2,[]
anl4_ptpr_high,Reported pretax income - the highest estimation,"{'id': 'analyst4', 'name': 'Analyst Estimate Data for Equity'}","{'id': 'analyst', 'name': 'Analyst'}","{'id': 'analyst-analyst-estimates', 'name': 'Analyst Estimates'}",USA,1,TOP3000,MATRIX,0.4083,103,209,1.2,[]
anl4_ptpr_low,Reported Pretax Income - The Lowest Estimation,"{'id': 'analyst4', 'name': 'Analyst Estimate Data for Equity'}","{'id': 'analyst', 'name': 'Analyst'}","{'id': 'analyst-analyst-estimates', 'name': 'Analyst Estimates'}",USA,1,TOP3000,MATRIX,0.4083,922,2361,1.2,[]
anl4_ptpr_mean,Reported Pretax income - mean of estimations,"{'id': 'analyst4', 'name': 'Analyst Estimate Data for Equity'}","{'id': 'analyst', 'name': 'Analyst'}","{'id': 'analyst-analyst-estimates', 'name': 'Analyst Estimates'}",USA,1,TOP3000,MATRIX,0.4083,88,183,1.2,[]
anl4_ptpr_median,Reported pretax income - Median of estimations,"{'id': 'analyst4', 'name': 'Analyst Estimate Data for Equity'}","{'id': 'analyst', 'name': 'Analyst'}","{'id': 'analyst-analyst-estimates', 'name': 'Analyst Estimates'}",USA,1,TOP3000,MATRIX,0.4083,186,281,1.2,[]
anl4_ptpr_number,Reported Pretax Income - number of estimations,"{'id': 'analyst4', 'name': 'Analyst Estimate Data for Equity'}","{'id': 'analyst', 'name': 'Analyst'}","{'id': 'analyst-analyst-estimates', 'name': 'Analyst Estimates'}",USA,1,TOP3000,MATRIX,0.4083,2762,7588,1.2,[]
anl4_qf_az_cfps_mean,Cash Flow Per Share - average of estimations,"{'id': 'analyst4', 'name': 'Analyst Estimate Data for Equity'}","{'id': 'analyst', 'name': 'Analyst'}","{'id': 'analyst-analyst-estimates', 'name': 'Analyst Estimates'}",USA,1,TOP3000,MATRIX,0.3273,92,217,1.2,[]
anl4_qf_az_cfps_median,Cash Flow Per Share - Median value among forecasts,"{'id': 'analyst4', 'name': 'Analyst Estimate Data for Equity'}","{'id': 'analyst', 'name': 'Analyst'}","{'id': 'analyst-analyst-estimates', 'name': 'Analyst Estimates'}",USA,1,TOP3000,MATRIX,0.3273,36,95,1.2,[]
anl4_qf_az_cfps_number,Cash Flow Per Share - number of estimations,"{'id': 'analyst4', 'name': 'Analyst Estimate Data for Equity'}","{'id': 'analyst', 'name': 'Analyst'}","{'id': 'analyst-analyst-estimates', 'name': 'Analyst Estimates'}",USA,1,TOP3000,MATRIX,0.3273,32,57,1.2,[]
anl4_qf_az_div_mean,Dividend per share - average of estimations,"{'id': 'analyst4', 'name': 'Analyst Estimate Data for Equity'}","{'id': 'analyst', 'name': 'Analyst'}","{'id': 'analyst-analyst-estimates', 'name': 'Analyst Estimates'}",USA,1,TOP3000,MATRIX,0.4857,20,52,1.2,[]
anl4_qf_az_div_median,Dividend per share - median of estimations,"{'id': 'analyst4', 'name': 'Analyst Estimate Data for Equity'}","{'id': 'analyst', 'name': 'Analyst'}","{'id': 'analyst-analyst-estimates', 'name': 'Analyst Estimates'}",USA,1,TOP3000,MATRIX,0.4857,27,37,1.2,[]
anl4_qf_az_div_number,Dividend per share - number of estimations,"{'id': 'analyst4', 'name': 'Analyst Estimate Data for Equity'}","{'id': 'analyst', 'name': 'Analyst'}","{'id': 'analyst-analyst-estimates', 'name': 'Analyst Estimates'}",USA,1,TOP3000,MATRIX,0.4857,14,28,1.2,[]
anl4_qf_az_dts_spe,Earnings per share - std of estimations,"{'id': 'analyst4', 'name': 'Analyst Estimate Data for Equity'}","{'id': 'analyst', 'name': 'Analyst'}","{'id': 'analyst-analyst-estimates', 'name': 'Analyst Estimates'}",USA,1,TOP3000,MATRIX,0.571,129,296,1.2,[]
anl4_qf_az_eps,"EPS - aggregation on estimations, 50th percentile","{'id': 'analyst4', 'name': 'Analyst Estimate Data for Equity'}","{'id': 'analyst', 'name': 'Analyst'}","{'id': 'analyst-analyst-estimates', 'name': 'Analyst Estimates'}",USA,1,TOP3000,MATRIX,0.7848,126,309,1.2,[]
anl4_qf_az_eps_mean,Earnings per share - mean of estimations,"{'id': 'analyst4', 'name': 'Analyst Estimate Data for Equity'}","{'id': 'analyst', 'name': 'Analyst'}","{'id': 'analyst-analyst-estimates', 'name': 'Analyst Estimates'}",USA,1,TOP3000,MATRIX,0.7848,397,809,1.2,[]
anl4_qf_az_eps_number,Earnings per share - number of estimations,"{'id': 'analyst4', 'name': 'Analyst Estimate Data for Equity'}","{'id': 'analyst', 'name': 'Analyst'}","{'id': 'analyst-analyst-estimates', 'name': 'Analyst Estimates'}",USA,1,TOP3000,MATRIX,0.7848,2064,3605,1.2,[]
anl4_qf_az_hgih_spe,Earnings per share - The highest estimation,"{'id': 'analyst4', 'name': 'Analyst Estimate Data for Equity'}","{'id': 'analyst', 'name': 'Analyst'}","{'id': 'analyst-analyst-estimates', 'name': 'Analyst Estimates'}",USA,1,TOP3000,MATRIX,0.7848,161,392,1.2,[]
anl4_qf_az_hgih_spfc,"Cash Flow - The highest estimation, per share","{'id': 'analyst4', 'name': 'Analyst Estimate Data for Equity'}","{'id': 'analyst', 'name': 'Analyst'}","{'id': 'analyst-analyst-estimates', 'name': 'Analyst Estimates'}",USA,1,TOP3000,MATRIX,0.3273,58,229,1.2,[]
anl4_qf_az_hgih_vid,Dividend per share - The highest estimation,"{'id': 'analyst4', 'name': 'Analyst Estimate Data for Equity'}","{'id': 'analyst', 'name': 'Analyst'}","{'id': 'analyst-analyst-estimates', 'name': 'Analyst Estimates'}",USA,1,TOP3000,MATRIX,0.4857,27,63,1.2,[]
anl4_qf_az_wol_spe,Earnings per share - The lowest estimation,"{'id': 'analyst4', 'name': 'Analyst Estimate Data for Equity'}","{'id': 'analyst', 'name': 'Analyst'}","{'id': 'analyst-analyst-estimates', 'name': 'Analyst Estimates'}",USA,1,TOP3000,MATRIX,0.7848,111,322,1.2,[]
anl4_qf_az_wol_spfc,Cash Flow Per Share - The lowest estimation,"{'id': 'analyst4', 'name': 'Analyst Estimate Data for Equity'}","{'id': 'analyst', 'name': 'Analyst'}","{'id': 'analyst-analyst-estimates', 'name': 'Analyst Estimates'}",USA,1,TOP3000,MATRIX,0.3273,37,85,1.2,[]
anl4_qf_az_wol_vid,Dividend per share - The lowest value among forecasts,"{'id': 'analyst4', 'name': 'Analyst Estimate Data for Equity'}","{'id': 'analyst', 'name': 'Analyst'}","{'id': 'analyst-analyst-estimates', 'name': 'Analyst Estimates'}",USA,1,TOP3000,MATRIX,0.4857,31,64,1.2,[]
anl4_qfd1_az_cfps_median,Cash Flow Per Share - Median value among forecasts,"{'id': 'analyst4', 'name': 'Analyst Estimate Data for Equity'}","{'id': 'analyst', 'name': 'Analyst'}","{'id': 'analyst-analyst-estimates', 'name': 'Analyst Estimates'}",USA,1,TOP3000,MATRIX,0.3273,49,155,1.2,[]
anl4_qfd1_az_cfps_number,Cash Flow Per Share - number of estimations,"{'id': 'analyst4', 'name': 'Analyst Estimate Data for Equity'}","{'id': 'analyst', 'name': 'Analyst'}","{'id': 'analyst-analyst-estimates', 'name': 'Analyst Estimates'}",USA,1,TOP3000,MATRIX,0.3273,36,47,1.2,[]
anl4_qfd1_az_div_median,Dividend per share - median of estimations,"{'id': 'analyst4', 'name': 'Analyst Estimate Data for Equity'}","{'id': 'analyst', 'name': 'Analyst'}","{'id': 'analyst-analyst-estimates', 'name': 'Analyst Estimates'}",USA,1,TOP3000,MATRIX,0.4857,32,66,1.2,[]
anl4_qfd1_az_div_number,Dividend per share - number of estimations,"{'id': 'analyst4', 'name': 'Analyst Estimate Data for Equity'}","{'id': 'analyst', 'name': 'Analyst'}","{'id': 'analyst-analyst-estimates', 'name': 'Analyst Estimates'}",USA,1,TOP3000,MATRIX,0.4857,26,46,1.2,[]
anl4_qfd1_az_dts_spe,Earnings per share - std of estimations,"{'id': 'analyst4', 'name': 'Analyst Estimate Data for Equity'}","{'id': 'analyst', 'name': 'Analyst'}","{'id': 'analyst-analyst-estimates', 'name': 'Analyst Estimates'}",USA,1,TOP3000,MATRIX,0.571,122,253,1.2,[]
anl4_qfd1_az_eps_number,Earnings per share - number of estimations,"{'id': 'analyst4', 'name': 'Analyst Estimate Data for Equity'}","{'id': 'analyst', 'name': 'Analyst'}","{'id': 'analyst-analyst-estimates', 'name': 'Analyst Estimates'}",USA,1,TOP3000,MATRIX,0.7848,2238,4324,1.2,[]
anl4_qfd1_az_hgih_spe,Earnings per share - The highest estimation,"{'id': 'analyst4', 'name': 'Analyst Estimate Data for Equity'}","{'id': 'analyst', 'name': 'Analyst'}","{'id': 'analyst-analyst-estimates', 'name': 'Analyst Estimates'}",USA,1,TOP3000,MATRIX,0.7848,166,527,1.2,[]
anl4_qfd1_az_hgih_spfc,"Cash Flow - The highest estimation, per share","{'id': 'analyst4', 'name': 'Analyst Estimate Data for Equity'}","{'id': 'analyst', 'name': 'Analyst'}","{'id': 'analyst-analyst-estimates', 'name': 'Analyst Estimates'}",USA,1,TOP3000,MATRIX,0.3273,44,110,1.2,[]
anl4_qfd1_az_hgih_vid,Dividend per share - The highest estimation,"{'id': 'analyst4', 'name': 'Analyst Estimate Data for Equity'}","{'id': 'analyst', 'name': 'Analyst'}","{'id': 'analyst-analyst-estimates', 'name': 'Analyst Estimates'}",USA,1,TOP3000,MATRIX,0.4857,26,54,1.2,[]
anl4_qfd1_az_wol_spe,Earnings per share - The lowest estimation,"{'id': 'analyst4', 'name': 'Analyst Estimate Data for Equity'}","{'id': 'analyst', 'name': 'Analyst'}","{'id': 'analyst-analyst-estimates', 'name': 'Analyst Estimates'}",USA,1,TOP3000,MATRIX,0.7848,132,306,1.2,[]
anl4_qfd1_az_wol_spfc,Cash Flow Per Share - The lowest estimation,"{'id': 'analyst4', 'name': 'Analyst Estimate Data for Equity'}","{'id': 'analyst', 'name': 'Analyst'}","{'id': 'analyst-analyst-estimates', 'name': 'Analyst Estimates'}",USA,1,TOP3000,MATRIX,0.3273,36,65,1.2,[]
anl4_qfd1_az_wol_vid,Dividend per share - The lowest value among forecasts,"{'id': 'analyst4', 'name': 'Analyst Estimate Data for Equity'}","{'id': 'analyst', 'name': 'Analyst'}","{'id': 'analyst-analyst-estimates', 'name': 'Analyst Estimates'}",USA,1,TOP3000,MATRIX,0.4857,22,48,1.2,[]
anl4_qfd1_azeps,"EPS - aggregation on estimations, 50th percentile","{'id': 'analyst4', 'name': 'Analyst Estimate Data for Equity'}","{'id': 'analyst', 'name': 'Analyst'}","{'id': 'analyst-analyst-estimates', 'name': 'Analyst Estimates'}",USA,1,TOP3000,MATRIX,0.7848,113,324,1.2,[]
anl4_rd_exp_flag,Research and Development Expense - forecast type (revision/new/...),"{'id': 'analyst4', 'name': 'Analyst Estimate Data for Equity'}","{'id': 'analyst', 'name': 'Analyst'}","{'id': 'analyst-analyst-estimates', 'name': 'Analyst Estimates'}",USA,1,TOP3000,MATRIX,0.9754,1318,2703,1.2,[]
anl4_rd_exp_high,Research and Development Expense - the highest estimation,"{'id': 'analyst4', 'name': 'Analyst Estimate Data for Equity'}","{'id': 'analyst', 'name': 'Analyst'}","{'id': 'analyst-analyst-estimates', 'name': 'Analyst Estimates'}",USA,1,TOP3000,MATRIX,0.2918,72,155,1.2,[]
anl4_rd_exp_low,Research and Development Expense - the lowest estimation,"{'id': 'analyst4', 'name': 'Analyst Estimate Data for Equity'}","{'id': 'analyst', 'name': 'Analyst'}","{'id': 'analyst-analyst-estimates', 'name': 'Analyst Estimates'}",USA,1,TOP3000,MATRIX,0.2918,899,2337,1.2,[]
anl4_rd_exp_mean,Research and Development Expense - mean of estimations,"{'id': 'analyst4', 'name': 'Analyst Estimate Data for Equity'}","{'id': 'analyst', 'name': 'Analyst'}","{'id': 'analyst-analyst-estimates', 'name': 'Analyst Estimates'}",USA,1,TOP3000,MATRIX,0.2918,1738,2462,1.2,[]
anl4_rd_exp_median,Research and Development Expense - Median of estimations,"{'id': 'analyst4', 'name': 'Analyst Estimate Data for Equity'}","{'id': 'analyst', 'name': 'Analyst'}","{'id': 'analyst-analyst-estimates', 'name': 'Analyst Estimates'}",USA,1,TOP3000,MATRIX,0.2918,53,117,1.2,[]
anl4_rd_exp_number,Research and Development Expense - Number of Estimations,"{'id': 'analyst4', 'name': 'Analyst Estimate Data for Equity'}","{'id': 'analyst', 'name': 'Analyst'}","{'id': 'analyst-analyst-estimates', 'name': 'Analyst Estimates'}",USA,1,TOP3000,MATRIX,0.2918,58,140,1.2,[]
anl4_tbve_ft,Tangible Book Value per Share - forecast type (revision/new/...),"{'id': 'analyst4', 'name': 'Analyst Estimate Data for Equity'}","{'id': 'analyst', 'name': 'Analyst'}","{'id': 'analyst-analyst-estimates', 'name': 'Analyst Estimates'}",USA,1,TOP3000,MATRIX,0.9305,2155,3340,1.2,[]
anl4_tbvps_high,Tangible Book Value per Share - The highest estimation,"{'id': 'analyst4', 'name': 'Analyst Estimate Data for Equity'}","{'id': 'analyst', 'name': 'Analyst'}","{'id': 'analyst-analyst-estimates', 'name': 'Analyst Estimates'}",USA,1,TOP3000,MATRIX,0.3321,68,98,1.2,[]
anl4_tbvps_low,Tangible Book Value per Share - The lowest estimation,"{'id': 'analyst4', 'name': 'Analyst Estimate Data for Equity'}","{'id': 'analyst', 'name': 'Analyst'}","{'id': 'analyst-analyst-estimates', 'name': 'Analyst Estimates'}",USA,1,TOP3000,MATRIX,0.3321,172,253,1.2,[]
anl4_tbvps_mean,Tangible Book Value per Share - mean of estimations,"{'id': 'analyst4', 'name': 'Analyst Estimate Data for Equity'}","{'id': 'analyst', 'name': 'Analyst'}","{'id': 'analyst-analyst-estimates', 'name': 'Analyst Estimates'}",USA,1,TOP3000,MATRIX,0.3321,147,218,1.2,[]
anl4_tbvps_median,Tangible Book Value per Share - median of estimations,"{'id': 'analyst4', 'name': 'Analyst Estimate Data for Equity'}","{'id': 'analyst', 'name': 'Analyst'}","{'id': 'analyst-analyst-estimates', 'name': 'Analyst Estimates'}",USA,1,TOP3000,MATRIX,0.3321,42,92,1.2,[]
anl4_tbvps_number,Tangible Book Value per Share - number of estimations,"{'id': 'analyst4', 'name': 'Analyst Estimate Data for Equity'}","{'id': 'analyst', 'name': 'Analyst'}","{'id': 'analyst-analyst-estimates', 'name': 'Analyst Estimates'}",USA,1,TOP3000,MATRIX,0.3321,1102,1185,1.2,[]
anl4_tot_gw_ft,Total Goodwill - forecast type (revision/new/...),"{'id': 'analyst4', 'name': 'Analyst Estimate Data for Equity'}","{'id': 'analyst', 'name': 'Analyst'}","{'id': 'analyst-analyst-estimates', 'name': 'Analyst Estimates'}",USA,1,TOP3000,MATRIX,0.8515,367,879,1.2,[]
anl4_total_rec,The total number of recommendations,"{'id': 'analyst4', 'name': 'Analyst Estimate Data for Equity'}","{'id': 'analyst', 'name': 'Analyst'}","{'id': 'analyst-analyst-estimates', 'name': 'Analyst Estimates'}",USA,1,TOP3000,VECTOR,0.6243,1373,2073,1.2,[]
anl4_totassets_flag,Total Assets - forecast type (revision/new/...),"{'id': 'analyst4', 'name': 'Analyst Estimate Data for Equity'}","{'id': 'analyst', 'name': 'Analyst'}","{'id': 'analyst-analyst-estimates', 'name': 'Analyst Estimates'}",USA,1,TOP3000,MATRIX,0.8122,2017,3278,1.2,[]
anl4_totassets_high,Total Assets - The highest estimation,"{'id': 'analyst4', 'name': 'Analyst Estimate Data for Equity'}","{'id': 'analyst', 'name': 'Analyst'}","{'id': 'analyst-analyst-estimates', 'name': 'Analyst Estimates'}",USA,1,TOP3000,MATRIX,0.7213,256,519,1.2,[]
anl4_totassets_low,Total Assets - The lowest estimation,"{'id': 'analyst4', 'name': 'Analyst Estimate Data for Equity'}","{'id': 'analyst', 'name': 'Analyst'}","{'id': 'analyst-analyst-estimates', 'name': 'Analyst Estimates'}",USA,1,TOP3000,MATRIX,0.7213,830,1710,1.2,[]
anl4_totassets_mean,Total Assets - mean of estimations,"{'id': 'analyst4', 'name': 'Analyst Estimate Data for Equity'}","{'id': 'analyst', 'name': 'Analyst'}","{'id': 'analyst-analyst-estimates', 'name': 'Analyst Estimates'}",USA,1,TOP3000,MATRIX,0.7213,130,311,1.2,[]
anl4_totassets_median,Total Assets - median of estimations,"{'id': 'analyst4', 'name': 'Analyst Estimate Data for Equity'}","{'id': 'analyst', 'name': 'Analyst'}","{'id': 'analyst-analyst-estimates', 'name': 'Analyst Estimates'}",USA,1,TOP3000,MATRIX,0.7213,138,281,1.2,[]
anl4_totassets_number,Total Assets - number of estimations,"{'id': 'analyst4', 'name': 'Analyst Estimate Data for Equity'}","{'id': 'analyst', 'name': 'Analyst'}","{'id': 'analyst-analyst-estimates', 'name': 'Analyst Estimates'}",USA,1,TOP3000,MATRIX,0.7213,2216,3828,1.2,[]
anl4_totassets_std,Total Assets - standard deviation of estimations,"{'id': 'analyst4', 'name': 'Analyst Estimate Data for Equity'}","{'id': 'analyst', 'name': 'Analyst'}","{'id': 'analyst-analyst-estimates', 'name': 'Analyst Estimates'}",USA,1,TOP3000,MATRIX,0.3233,652,750,1.2,[]
anl4_totassets_value,Total Assets - actual value,"{'id': 'analyst4', 'name': 'Analyst Estimate Data for Equity'}","{'id': 'analyst', 'name': 'Analyst'}","{'id': 'analyst-analyst-estimates', 'name': 'Analyst Estimates'}",USA,1,TOP3000,MATRIX,0.367,326,1044,1.2,[]
anl4_totgw_high,Total Goodwill - The highest estimation,"{'id': 'analyst4', 'name': 'Analyst Estimate Data for Equity'}","{'id': 'analyst', 'name': 'Analyst'}","{'id': 'analyst-analyst-estimates', 'name': 'Analyst Estimates'}",USA,1,TOP3000,MATRIX,0.5374,65,116,1.2,[]
anl4_totgw_low,Total Goodwill - The lowest estimation,"{'id': 'analyst4', 'name': 'Analyst Estimate Data for Equity'}","{'id': 'analyst', 'name': 'Analyst'}","{'id': 'analyst-analyst-estimates', 'name': 'Analyst Estimates'}",USA,1,TOP3000,MATRIX,0.5374,75,130,1.2,[]
anl4_totgw_mean,Total Goodwill - mean of estimations,"{'id': 'analyst4', 'name': 'Analyst Estimate Data for Equity'}","{'id': 'analyst', 'name': 'Analyst'}","{'id': 'analyst-analyst-estimates', 'name': 'Analyst Estimates'}",USA,1,TOP3000,MATRIX,0.5374,70,157,1.2,[]
anl4_totgw_median,Total Goodwill - median of estimations,"{'id': 'analyst4', 'name': 'Analyst Estimate Data for Equity'}","{'id': 'analyst', 'name': 'Analyst'}","{'id': 'analyst-analyst-estimates', 'name': 'Analyst Estimates'}",USA,1,TOP3000,MATRIX,0.5374,49,96,1.2,[]
anl4_totgw_number,Total Goodwill - number of estimations,"{'id': 'analyst4', 'name': 'Analyst Estimate Data for Equity'}","{'id': 'analyst', 'name': 'Analyst'}","{'id': 'analyst-analyst-estimates', 'name': 'Analyst Estimates'}",USA,1,TOP3000,MATRIX,0.5374,100,187,1.2,[]
anl4_under,The number of Underweight recommendations,"{'id': 'analyst4', 'name': 'Analyst Estimate Data for Equity'}","{'id': 'analyst', 'name': 'Analyst'}","{'id': 'analyst-analyst-estimates', 'name': 'Analyst Estimates'}",USA,1,TOP3000,VECTOR,0.6243,44,68,1.2,[]
est_bookvalue_ps,Book value per share - average of estimations,"{'id': 'analyst4', 'name': 'Analyst Estimate Data for Equity'}","{'id': 'analyst', 'name': 'Analyst'}","{'id': 'analyst-analyst-estimates', 'name': 'Analyst Estimates'}",USA,1,TOP3000,MATRIX,0.6751,350,955,1.2,[]
est_capex,Capital Expenditures - mean of estimations,"{'id': 'analyst4', 'name': 'Analyst Estimate Data for Equity'}","{'id': 'analyst', 'name': 'Analyst'}","{'id': 'analyst-analyst-estimates', 'name': 'Analyst Estimates'}",USA,1,TOP3000,MATRIX,0.6427,477,4264,1.2,[]
est_cashflow_fin,Cash Flow From Financing - mean of estimations,"{'id': 'analyst4', 'name': 'Analyst Estimate Data for Equity'}","{'id': 'analyst', 'name': 'Analyst'}","{'id': 'analyst-analyst-estimates', 'name': 'Analyst Estimates'}",USA,1,TOP3000,MATRIX,0.6205,208,622,1.2,[]
est_cashflow_invst,Cash Flow From Investing - mean of estimations,"{'id': 'analyst4', 'name': 'Analyst Estimate Data for Equity'}","{'id': 'analyst', 'name': 'Analyst'}","{'id': 'analyst-analyst-estimates', 'name': 'Analyst Estimates'}",USA,1,TOP3000,MATRIX,0.6155,190,415,1.2,[]
est_cashflow_op,Cash Flow From Operations - mean of estimations,"{'id': 'analyst4', 'name': 'Analyst Estimate Data for Equity'}","{'id': 'analyst', 'name': 'Analyst'}","{'id': 'analyst-analyst-estimates', 'name': 'Analyst Estimates'}",USA,1,TOP3000,MATRIX,0.6518,375,1214,1.2,[]
est_cashflow_ps,Cash Flow Per Share - average of estimations,"{'id': 'analyst4', 'name': 'Analyst Estimate Data for Equity'}","{'id': 'analyst', 'name': 'Analyst'}","{'id': 'analyst-analyst-estimates', 'name': 'Analyst Estimates'}",USA,1,TOP3000,MATRIX,0.3273,124,249,1.2,[]
est_dividend_ps,Dividend per share - average of estimations,"{'id': 'analyst4', 'name': 'Analyst Estimate Data for Equity'}","{'id': 'analyst', 'name': 'Analyst'}","{'id': 'analyst-analyst-estimates', 'name': 'Analyst Estimates'}",USA,1,TOP3000,MATRIX,0.4857,161,271,1.2,[]
est_ebit,Earnings before interest and taxes - mean of estimations,"{'id': 'analyst4', 'name': 'Analyst Estimate Data for Equity'}","{'id': 'analyst', 'name': 'Analyst'}","{'id': 'analyst-analyst-estimates', 'name': 'Analyst Estimates'}",USA,1,TOP3000,MATRIX,0.7309,194,1519,1.2,[]
est_ebitda,"Earnings before interest, taxes, depreciation, and amortization - mean of estimations","{'id': 'analyst4', 'name': 'Analyst Estimate Data for Equity'}","{'id': 'analyst', 'name': 'Analyst'}","{'id': 'analyst-analyst-estimates', 'name': 'Analyst Estimates'}",USA,1,TOP3000,MATRIX,0.6046,293,1528,1.2,[]
est_eps,Earnings per share - mean of estimations,"{'id': 'analyst4', 'name': 'Analyst Estimate Data for Equity'}","{'id': 'analyst', 'name': 'Analyst'}","{'id': 'analyst-analyst-estimates', 'name': 'Analyst Estimates'}",USA,1,TOP3000,MATRIX,0.7848,1084,2829,1.2,[]
est_epsa,Earnings per share adjusted by excluding extraordinary items and stock option expenses - average of estimations,"{'id': 'analyst4', 'name': 'Analyst Estimate Data for Equity'}","{'id': 'analyst', 'name': 'Analyst'}","{'id': 'analyst-analyst-estimates', 'name': 'Analyst Estimates'}",USA,1,TOP3000,MATRIX,0.1579,350,1019,1.2,[]
est_epsr,GAAP Earnings per share - mean of estimations,"{'id': 'analyst4', 'name': 'Analyst Estimate Data for Equity'}","{'id': 'analyst', 'name': 'Analyst'}","{'id': 'analyst-analyst-estimates', 'name': 'Analyst Estimates'}",USA,1,TOP3000,MATRIX,0.7405,558,2192,1.2,[]
est_fcf,Free Cash Flow - Mean of Estimations,"{'id': 'analyst4', 'name': 'Analyst Estimate Data for Equity'}","{'id': 'analyst', 'name': 'Analyst'}","{'id': 'analyst-analyst-estimates', 'name': 'Analyst Estimates'}",USA,1,TOP3000,MATRIX,0.5777,118,318,1.2,[]
est_fcf_ps,Free Cash Flow Per Share - Mean of Estimations,"{'id': 'analyst4', 'name': 'Analyst Estimate Data for Equity'}","{'id': 'analyst', 'name': 'Analyst'}","{'id': 'analyst-analyst-estimates', 'name': 'Analyst Estimates'}",USA,1,TOP3000,MATRIX,0.4642,127,187,1.2,[]
est_ffo,"Funds From Operation - Summary on Estimations, Mean","{'id': 'analyst4', 'name': 'Analyst Estimate Data for Equity'}","{'id': 'analyst', 'name': 'Analyst'}","{'id': 'analyst-analyst-estimates', 'name': 'Analyst Estimates'}",USA,1,TOP3000,MATRIX,0.0411,24,36,1.2,[]
est_grossincome,Gross income - Mean of estimations,"{'id': 'analyst4', 'name': 'Analyst Estimate Data for Equity'}","{'id': 'analyst', 'name': 'Analyst'}","{'id': 'analyst-analyst-estimates', 'name': 'Analyst Estimates'}",USA,1,TOP3000,MATRIX,0.6246,234,801,1.2,[]
est_netdebt,Net debt - mean of estimations,"{'id': 'analyst4', 'name': 'Analyst Estimate Data for Equity'}","{'id': 'analyst', 'name': 'Analyst'}","{'id': 'analyst-analyst-estimates', 'name': 'Analyst Estimates'}",USA,1,TOP3000,MATRIX,0.5434,110,223,1.2,[]
est_netprofit,Net profit - mean of estimations,"{'id': 'analyst4', 'name': 'Analyst Estimate Data for Equity'}","{'id': 'analyst', 'name': 'Analyst'}","{'id': 'analyst-analyst-estimates', 'name': 'Analyst Estimates'}",USA,1,TOP3000,MATRIX,0.7861,741,1489,1.2,[]
est_netprofit_adj,Adjusted net income - Mean of estimations,"{'id': 'analyst4', 'name': 'Analyst Estimate Data for Equity'}","{'id': 'analyst', 'name': 'Analyst'}","{'id': 'analyst-analyst-estimates', 'name': 'Analyst Estimates'}",USA,1,TOP3000,MATRIX,0.7731,332,872,1.2,[]
est_ptp,Pretax income - mean of estimations,"{'id': 'analyst4', 'name': 'Analyst Estimate Data for Equity'}","{'id': 'analyst', 'name': 'Analyst'}","{'id': 'analyst-analyst-estimates', 'name': 'Analyst Estimates'}",USA,1,TOP3000,MATRIX,0.7527,240,818,1.2,[]
est_ptpr,Reported pretax income - mean of estimations,"{'id': 'analyst4', 'name': 'Analyst Estimate Data for Equity'}","{'id': 'analyst', 'name': 'Analyst'}","{'id': 'analyst-analyst-estimates', 'name': 'Analyst Estimates'}",USA,1,TOP3000,MATRIX,0.4374,216,428,1.2,[]
est_rd_expense,Research and Development Expense - mean of estimations,"{'id': 'analyst4', 'name': 'Analyst Estimate Data for Equity'}","{'id': 'analyst', 'name': 'Analyst'}","{'id': 'analyst-analyst-estimates', 'name': 'Analyst Estimates'}",USA,1,TOP3000,MATRIX,0.3131,1981,3836,1.2,[]
est_sales,Sales - mean of estimations,"{'id': 'analyst4', 'name': 'Analyst Estimate Data for Equity'}","{'id': 'analyst', 'name': 'Analyst'}","{'id': 'analyst-analyst-estimates', 'name': 'Analyst Estimates'}",USA,1,TOP3000,MATRIX,0.7458,728,2139,1.2,[]
est_sga,SGA - mean of estimations,"{'id': 'analyst4', 'name': 'Analyst Estimate Data for Equity'}","{'id': 'analyst', 'name': 'Analyst'}","{'id': 'analyst-analyst-estimates', 'name': 'Analyst Estimates'}",USA,1,TOP3000,MATRIX,0.5121,120,366,1.2,[]
est_shequity,Mean of SH Equity segment - mean of estimations,"{'id': 'analyst4', 'name': 'Analyst Estimate Data for Equity'}","{'id': 'analyst', 'name': 'Analyst'}","{'id': 'analyst-analyst-estimates', 'name': 'Analyst Estimates'}",USA,1,TOP3000,MATRIX,0.7598,343,903,1.2,[]
est_tbv_ps,Tangible Book Value per Share - mean of estimations,"{'id': 'analyst4', 'name': 'Analyst Estimate Data for Equity'}","{'id': 'analyst', 'name': 'Analyst'}","{'id': 'analyst-analyst-estimates', 'name': 'Analyst Estimates'}",USA,1,TOP3000,MATRIX,0.3473,106,163,1.2,[]
est_tot_assets,Total Assets - mean of estimations,"{'id': 'analyst4', 'name': 'Analyst Estimate Data for Equity'}","{'id': 'analyst', 'name': 'Analyst'}","{'id': 'analyst-analyst-estimates', 'name': 'Analyst Estimates'}",USA,1,TOP3000,MATRIX,0.7522,409,965,1.2,[]
est_tot_goodwill,Total Goodwill - mean of estimations,"{'id': 'analyst4', 'name': 'Analyst Estimate Data for Equity'}","{'id': 'analyst', 'name': 'Analyst'}","{'id': 'analyst-analyst-estimates', 'name': 'Analyst Estimates'}",USA,1,TOP3000,MATRIX,0.5652,179,373,1.2,[]
